date_key,calendar_date,day_of_month,day_name,day_of_week,is_weekend,is_working_day,public_holiday,week_start,iso_week,month_key,month_name,calendar_quarter,financial_year,fy_month_no,fy_quarter
20260501,2026-05-01,1,Fri,5,0,1,,2026-04-27,18,2026-05,May 2026,Q2 2026,FY2026,11,FY2026 Q4
20260502,2026-05-02,2,Sat,6,1,0,,2026-04-27,18,2026-05,May 2026,Q2 2026,FY2026,11,FY2026 Q4
20260503,2026-05-03,3,Sun,7,1,0,,2026-04-27,18,2026-05,May 2026,Q2 2026,FY2026,11,FY2026 Q4
20260504,2026-05-04,4,Mon,1,0,0,Labour Day,2026-05-04,19,2026-05,May 2026,Q2 2026,FY2026,11,FY2026 Q4
20260505,2026-05-05,5,Tue,2,0,1,,2026-05-04,19,2026-05,May 2026,Q2 2026,FY2026,11,FY2026 Q4
20260506,2026-05-06,6,Wed,3,0,1,,2026-05-04,19,2026-05,May 2026,Q2 2026,FY2026,11,FY2026 Q4
20260507,2026-05-07,7,Thu,4,0,1,,2026-05-04,19,2026-05,May 2026,Q2 2026,FY2026,11,FY2026 Q4
20260508,2026-05-08,8,Fri,5,0,1,,2026-05-04,19,2026-05,May 2026,Q2 2026,FY2026,11,FY2026 Q4
20260509,2026-05-09,9,Sat,6,1,0,,2026-05-04,19,2026-05,May 2026,Q2 2026,FY2026,11,FY2026 Q4
20260510,2026-05-10,10,Sun,7,1,0,,2026-05-04,19,2026-05,May 2026,Q2 2026,FY2026,11,FY2026 Q4
20260511,2026-05-11,11,Mon,1,0,1,,2026-05-11,20,2026-05,May 2026,Q2 2026,FY2026,11,FY2026 Q4
20260512,2026-05-12,12,Tue,2,0,1,,2026-05-11,20,2026-05,May 2026,Q2 2026,FY2026,11,FY2026 Q4
20260513,2026-05-13,13,Wed,3,0,1,,2026-05-11,20,2026-05,May 2026,Q2 2026,FY2026,11,FY2026 Q4
20260514,2026-05-14,14,Thu,4,0,1,,2026-05-11,20,2026-05,May 2026,Q2 2026,FY2026,11,FY2026 Q4
20260515,2026-05-15,15,Fri,5,0,1,,2026-05-11,20,2026-05,May 2026,Q2 2026,FY2026,11,FY2026 Q4
20260516,2026-05-16,16,Sat,6,1,0,,2026-05-11,20,2026-05,May 2026,Q2 2026,FY2026,11,FY2026 Q4
20260517,2026-05-17,17,Sun,7,1,0,,2026-05-11,20,2026-05,May 2026,Q2 2026,FY2026,11,FY2026 Q4
20260518,2026-05-18,18,Mon,1,0,1,,2026-05-18,21,2026-05,May 2026,Q2 2026,FY2026,11,FY2026 Q4
20260519,2026-05-19,19,Tue,2,0,1,,2026-05-18,21,2026-05,May 2026,Q2 2026,FY2026,11,FY2026 Q4
20260520,2026-05-20,20,Wed,3,0,1,,2026-05-18,21,2026-05,May 2026,Q2 2026,FY2026,11,FY2026 Q4
20260521,2026-05-21,21,Thu,4,0,1,,2026-05-18,21,2026-05,May 2026,Q2 2026,FY2026,11,FY2026 Q4
20260522,2026-05-22,22,Fri,5,0,1,,2026-05-18,21,2026-05,May 2026,Q2 2026,FY2026,11,FY2026 Q4
20260523,2026-05-23,23,Sat,6,1,0,,2026-05-18,21,2026-05,May 2026,Q2 2026,FY2026,11,FY2026 Q4
20260524,2026-05-24,24,Sun,7,1,0,,2026-05-18,21,2026-05,May 2026,Q2 2026,FY2026,11,FY2026 Q4
20260525,2026-05-25,25,Mon,1,0,1,,2026-05-25,22,2026-05,May 2026,Q2 2026,FY2026,11,FY2026 Q4
20260526,2026-05-26,26,Tue,2,0,1,,2026-05-25,22,2026-05,May 2026,Q2 2026,FY2026,11,FY2026 Q4
20260527,2026-05-27,27,Wed,3,0,1,,2026-05-25,22,2026-05,May 2026,Q2 2026,FY2026,11,FY2026 Q4
20260528,2026-05-28,28,Thu,4,0,1,,2026-05-25,22,2026-05,May 2026,Q2 2026,FY2026,11,FY2026 Q4
20260529,2026-05-29,29,Fri,5,0,1,,2026-05-25,22,2026-05,May 2026,Q2 2026,FY2026,11,FY2026 Q4
20260530,2026-05-30,30,Sat,6,1,0,,2026-05-25,22,2026-05,May 2026,Q2 2026,FY2026,11,FY2026 Q4
20260531,2026-05-31,31,Sun,7,1,0,,2026-05-25,22,2026-05,May 2026,Q2 2026,FY2026,11,FY2026 Q4
20260601,2026-06-01,1,Mon,1,0,1,,2026-06-01,23,2026-06,Jun 2026,Q2 2026,FY2026,12,FY2026 Q4
20260602,2026-06-02,2,Tue,2,0,1,,2026-06-01,23,2026-06,Jun 2026,Q2 2026,FY2026,12,FY2026 Q4
20260603,2026-06-03,3,Wed,3,0,1,,2026-06-01,23,2026-06,Jun 2026,Q2 2026,FY2026,12,FY2026 Q4
20260604,2026-06-04,4,Thu,4,0,1,,2026-06-01,23,2026-06,Jun 2026,Q2 2026,FY2026,12,FY2026 Q4
20260605,2026-06-05,5,Fri,5,0,1,,2026-06-01,23,2026-06,Jun 2026,Q2 2026,FY2026,12,FY2026 Q4
20260606,2026-06-06,6,Sat,6,1,0,,2026-06-01,23,2026-06,Jun 2026,Q2 2026,FY2026,12,FY2026 Q4
20260607,2026-06-07,7,Sun,7,1,0,,2026-06-01,23,2026-06,Jun 2026,Q2 2026,FY2026,12,FY2026 Q4
20260608,2026-06-08,8,Mon,1,0,1,,2026-06-08,24,2026-06,Jun 2026,Q2 2026,FY2026,12,FY2026 Q4
20260609,2026-06-09,9,Tue,2,0,1,,2026-06-08,24,2026-06,Jun 2026,Q2 2026,FY2026,12,FY2026 Q4
20260610,2026-06-10,10,Wed,3,0,1,,2026-06-08,24,2026-06,Jun 2026,Q2 2026,FY2026,12,FY2026 Q4
20260611,2026-06-11,11,Thu,4,0,1,,2026-06-08,24,2026-06,Jun 2026,Q2 2026,FY2026,12,FY2026 Q4
20260612,2026-06-12,12,Fri,5,0,1,,2026-06-08,24,2026-06,Jun 2026,Q2 2026,FY2026,12,FY2026 Q4
20260613,2026-06-13,13,Sat,6,1,0,,2026-06-08,24,2026-06,Jun 2026,Q2 2026,FY2026,12,FY2026 Q4
20260614,2026-06-14,14,Sun,7,1,0,,2026-06-08,24,2026-06,Jun 2026,Q2 2026,FY2026,12,FY2026 Q4
20260615,2026-06-15,15,Mon,1,0,1,,2026-06-15,25,2026-06,Jun 2026,Q2 2026,FY2026,12,FY2026 Q4
20260616,2026-06-16,16,Tue,2,0,1,,2026-06-15,25,2026-06,Jun 2026,Q2 2026,FY2026,12,FY2026 Q4
20260617,2026-06-17,17,Wed,3,0,1,,2026-06-15,25,2026-06,Jun 2026,Q2 2026,FY2026,12,FY2026 Q4
20260618,2026-06-18,18,Thu,4,0,1,,2026-06-15,25,2026-06,Jun 2026,Q2 2026,FY2026,12,FY2026 Q4
20260619,2026-06-19,19,Fri,5,0,1,,2026-06-15,25,2026-06,Jun 2026,Q2 2026,FY2026,12,FY2026 Q4
20260620,2026-06-20,20,Sat,6,1,0,,2026-06-15,25,2026-06,Jun 2026,Q2 2026,FY2026,12,FY2026 Q4
20260621,2026-06-21,21,Sun,7,1,0,,2026-06-15,25,2026-06,Jun 2026,Q2 2026,FY2026,12,FY2026 Q4
20260622,2026-06-22,22,Mon,1,0,1,,2026-06-22,26,2026-06,Jun 2026,Q2 2026,FY2026,12,FY2026 Q4
20260623,2026-06-23,23,Tue,2,0,1,,2026-06-22,26,2026-06,Jun 2026,Q2 2026,FY2026,12,FY2026 Q4
20260624,2026-06-24,24,Wed,3,0,1,,2026-06-22,26,2026-06,Jun 2026,Q2 2026,FY2026,12,FY2026 Q4
20260625,2026-06-25,25,Thu,4,0,1,,2026-06-22,26,2026-06,Jun 2026,Q2 2026,FY2026,12,FY2026 Q4
20260626,2026-06-26,26,Fri,5,0,1,,2026-06-22,26,2026-06,Jun 2026,Q2 2026,FY2026,12,FY2026 Q4
20260627,2026-06-27,27,Sat,6,1,0,,2026-06-22,26,2026-06,Jun 2026,Q2 2026,FY2026,12,FY2026 Q4
20260628,2026-06-28,28,Sun,7,1,0,,2026-06-22,26,2026-06,Jun 2026,Q2 2026,FY2026,12,FY2026 Q4
20260629,2026-06-29,29,Mon,1,0,1,,2026-06-29,27,2026-06,Jun 2026,Q2 2026,FY2026,12,FY2026 Q4
20260630,2026-06-30,30,Tue,2,0,1,,2026-06-29,27,2026-06,Jun 2026,Q2 2026,FY2026,12,FY2026 Q4
20260701,2026-07-01,1,Wed,3,0,1,,2026-06-29,27,2026-07,Jul 2026,Q3 2026,FY2027,1,FY2027 Q1
20260702,2026-07-02,2,Thu,4,0,1,,2026-06-29,27,2026-07,Jul 2026,Q3 2026,FY2027,1,FY2027 Q1
20260703,2026-07-03,3,Fri,5,0,1,,2026-06-29,27,2026-07,Jul 2026,Q3 2026,FY2027,1,FY2027 Q1
20260704,2026-07-04,4,Sat,6,1,0,,2026-06-29,27,2026-07,Jul 2026,Q3 2026,FY2027,1,FY2027 Q1
20260705,2026-07-05,5,Sun,7,1,0,,2026-06-29,27,2026-07,Jul 2026,Q3 2026,FY2027,1,FY2027 Q1
20260706,2026-07-06,6,Mon,1,0,1,,2026-07-06,28,2026-07,Jul 2026,Q3 2026,FY2027,1,FY2027 Q1
20260707,2026-07-07,7,Tue,2,0,1,,2026-07-06,28,2026-07,Jul 2026,Q3 2026,FY2027,1,FY2027 Q1
20260708,2026-07-08,8,Wed,3,0,1,,2026-07-06,28,2026-07,Jul 2026,Q3 2026,FY2027,1,FY2027 Q1
20260709,2026-07-09,9,Thu,4,0,1,,2026-07-06,28,2026-07,Jul 2026,Q3 2026,FY2027,1,FY2027 Q1
20260710,2026-07-10,10,Fri,5,0,1,,2026-07-06,28,2026-07,Jul 2026,Q3 2026,FY2027,1,FY2027 Q1
20260711,2026-07-11,11,Sat,6,1,0,,2026-07-06,28,2026-07,Jul 2026,Q3 2026,FY2027,1,FY2027 Q1
20260712,2026-07-12,12,Sun,7,1,0,,2026-07-06,28,2026-07,Jul 2026,Q3 2026,FY2027,1,FY2027 Q1
20260713,2026-07-13,13,Mon,1,0,1,,2026-07-13,29,2026-07,Jul 2026,Q3 2026,FY2027,1,FY2027 Q1
20260714,2026-07-14,14,Tue,2,0,1,,2026-07-13,29,2026-07,Jul 2026,Q3 2026,FY2027,1,FY2027 Q1
20260715,2026-07-15,15,Wed,3,0,1,,2026-07-13,29,2026-07,Jul 2026,Q3 2026,FY2027,1,FY2027 Q1
20260716,2026-07-16,16,Thu,4,0,1,,2026-07-13,29,2026-07,Jul 2026,Q3 2026,FY2027,1,FY2027 Q1
20260717,2026-07-17,17,Fri,5,0,1,,2026-07-13,29,2026-07,Jul 2026,Q3 2026,FY2027,1,FY2027 Q1
20260718,2026-07-18,18,Sat,6,1,0,,2026-07-13,29,2026-07,Jul 2026,Q3 2026,FY2027,1,FY2027 Q1
20260719,2026-07-19,19,Sun,7,1,0,,2026-07-13,29,2026-07,Jul 2026,Q3 2026,FY2027,1,FY2027 Q1
20260720,2026-07-20,20,Mon,1,0,1,,2026-07-20,30,2026-07,Jul 2026,Q3 2026,FY2027,1,FY2027 Q1
20260721,2026-07-21,21,Tue,2,0,1,,2026-07-20,30,2026-07,Jul 2026,Q3 2026,FY2027,1,FY2027 Q1
20260722,2026-07-22,22,Wed,3,0,1,,2026-07-20,30,2026-07,Jul 2026,Q3 2026,FY2027,1,FY2027 Q1
20260723,2026-07-23,23,Thu,4,0,1,,2026-07-20,30,2026-07,Jul 2026,Q3 2026,FY2027,1,FY2027 Q1
20260724,2026-07-24,24,Fri,5,0,1,,2026-07-20,30,2026-07,Jul 2026,Q3 2026,FY2027,1,FY2027 Q1
20260725,2026-07-25,25,Sat,6,1,0,,2026-07-20,30,2026-07,Jul 2026,Q3 2026,FY2027,1,FY2027 Q1
20260726,2026-07-26,26,Sun,7,1,0,,2026-07-20,30,2026-07,Jul 2026,Q3 2026,FY2027,1,FY2027 Q1
20260727,2026-07-27,27,Mon,1,0,1,,2026-07-27,31,2026-07,Jul 2026,Q3 2026,FY2027,1,FY2027 Q1
20260728,2026-07-28,28,Tue,2,0,1,,2026-07-27,31,2026-07,Jul 2026,Q3 2026,FY2027,1,FY2027 Q1
20260729,2026-07-29,29,Wed,3,0,1,,2026-07-27,31,2026-07,Jul 2026,Q3 2026,FY2027,1,FY2027 Q1
20260730,2026-07-30,30,Thu,4,0,1,,2026-07-27,31,2026-07,Jul 2026,Q3 2026,FY2027,1,FY2027 Q1
20260731,2026-07-31,31,Fri,5,0,1,,2026-07-27,31,2026-07,Jul 2026,Q3 2026,FY2027,1,FY2027 Q1
20260801,2026-08-01,1,Sat,6,1,0,,2026-07-27,31,2026-08,Aug 2026,Q3 2026,FY2027,2,FY2027 Q1
20260802,2026-08-02,2,Sun,7,1,0,,2026-07-27,31,2026-08,Aug 2026,Q3 2026,FY2027,2,FY2027 Q1
20260803,2026-08-03,3,Mon,1,0,1,,2026-08-03,32,2026-08,Aug 2026,Q3 2026,FY2027,2,FY2027 Q1
20260804,2026-08-04,4,Tue,2,0,1,,2026-08-03,32,2026-08,Aug 2026,Q3 2026,FY2027,2,FY2027 Q1
20260805,2026-08-05,5,Wed,3,0,1,,2026-08-03,32,2026-08,Aug 2026,Q3 2026,FY2027,2,FY2027 Q1
20260806,2026-08-06,6,Thu,4,0,1,,2026-08-03,32,2026-08,Aug 2026,Q3 2026,FY2027,2,FY2027 Q1
20260807,2026-08-07,7,Fri,5,0,1,,2026-08-03,32,2026-08,Aug 2026,Q3 2026,FY2027,2,FY2027 Q1
20260808,2026-08-08,8,Sat,6,1,0,,2026-08-03,32,2026-08,Aug 2026,Q3 2026,FY2027,2,FY2027 Q1
20260809,2026-08-09,9,Sun,7,1,0,,2026-08-03,32,2026-08,Aug 2026,Q3 2026,FY2027,2,FY2027 Q1
20260810,2026-08-10,10,Mon,1,0,1,,2026-08-10,33,2026-08,Aug 2026,Q3 2026,FY2027,2,FY2027 Q1
20260811,2026-08-11,11,Tue,2,0,1,,2026-08-10,33,2026-08,Aug 2026,Q3 2026,FY2027,2,FY2027 Q1
20260812,2026-08-12,12,Wed,3,0,0,"Royal Queensland Show (Ekka, Brisbane)",2026-08-10,33,2026-08,Aug 2026,Q3 2026,FY2027,2,FY2027 Q1
20260813,2026-08-13,13,Thu,4,0,1,,2026-08-10,33,2026-08,Aug 2026,Q3 2026,FY2027,2,FY2027 Q1
20260814,2026-08-14,14,Fri,5,0,1,,2026-08-10,33,2026-08,Aug 2026,Q3 2026,FY2027,2,FY2027 Q1
20260815,2026-08-15,15,Sat,6,1,0,,2026-08-10,33,2026-08,Aug 2026,Q3 2026,FY2027,2,FY2027 Q1
20260816,2026-08-16,16,Sun,7,1,0,,2026-08-10,33,2026-08,Aug 2026,Q3 2026,FY2027,2,FY2027 Q1
20260817,2026-08-17,17,Mon,1,0,1,,2026-08-17,34,2026-08,Aug 2026,Q3 2026,FY2027,2,FY2027 Q1
20260818,2026-08-18,18,Tue,2,0,1,,2026-08-17,34,2026-08,Aug 2026,Q3 2026,FY2027,2,FY2027 Q1
20260819,2026-08-19,19,Wed,3,0,1,,2026-08-17,34,2026-08,Aug 2026,Q3 2026,FY2027,2,FY2027 Q1
20260820,2026-08-20,20,Thu,4,0,1,,2026-08-17,34,2026-08,Aug 2026,Q3 2026,FY2027,2,FY2027 Q1
20260821,2026-08-21,21,Fri,5,0,1,,2026-08-17,34,2026-08,Aug 2026,Q3 2026,FY2027,2,FY2027 Q1
20260822,2026-08-22,22,Sat,6,1,0,,2026-08-17,34,2026-08,Aug 2026,Q3 2026,FY2027,2,FY2027 Q1
20260823,2026-08-23,23,Sun,7,1,0,,2026-08-17,34,2026-08,Aug 2026,Q3 2026,FY2027,2,FY2027 Q1
20260824,2026-08-24,24,Mon,1,0,1,,2026-08-24,35,2026-08,Aug 2026,Q3 2026,FY2027,2,FY2027 Q1
20260825,2026-08-25,25,Tue,2,0,1,,2026-08-24,35,2026-08,Aug 2026,Q3 2026,FY2027,2,FY2027 Q1
20260826,2026-08-26,26,Wed,3,0,1,,2026-08-24,35,2026-08,Aug 2026,Q3 2026,FY2027,2,FY2027 Q1
20260827,2026-08-27,27,Thu,4,0,1,,2026-08-24,35,2026-08,Aug 2026,Q3 2026,FY2027,2,FY2027 Q1
20260828,2026-08-28,28,Fri,5,0,1,,2026-08-24,35,2026-08,Aug 2026,Q3 2026,FY2027,2,FY2027 Q1
20260829,2026-08-29,29,Sat,6,1,0,,2026-08-24,35,2026-08,Aug 2026,Q3 2026,FY2027,2,FY2027 Q1
20260830,2026-08-30,30,Sun,7,1,0,,2026-08-24,35,2026-08,Aug 2026,Q3 2026,FY2027,2,FY2027 Q1
20260831,2026-08-31,31,Mon,1,0,1,,2026-08-31,36,2026-08,Aug 2026,Q3 2026,FY2027,2,FY2027 Q1
20260901,2026-09-01,1,Tue,2,0,1,,2026-08-31,36,2026-09,Sep 2026,Q3 2026,FY2027,3,FY2027 Q1
20260902,2026-09-02,2,Wed,3,0,1,,2026-08-31,36,2026-09,Sep 2026,Q3 2026,FY2027,3,FY2027 Q1
20260903,2026-09-03,3,Thu,4,0,1,,2026-08-31,36,2026-09,Sep 2026,Q3 2026,FY2027,3,FY2027 Q1
20260904,2026-09-04,4,Fri,5,0,1,,2026-08-31,36,2026-09,Sep 2026,Q3 2026,FY2027,3,FY2027 Q1
20260905,2026-09-05,5,Sat,6,1,0,,2026-08-31,36,2026-09,Sep 2026,Q3 2026,FY2027,3,FY2027 Q1
20260906,2026-09-06,6,Sun,7,1,0,,2026-08-31,36,2026-09,Sep 2026,Q3 2026,FY2027,3,FY2027 Q1
20260907,2026-09-07,7,Mon,1,0,1,,2026-09-07,37,2026-09,Sep 2026,Q3 2026,FY2027,3,FY2027 Q1
20260908,2026-09-08,8,Tue,2,0,1,,2026-09-07,37,2026-09,Sep 2026,Q3 2026,FY2027,3,FY2027 Q1
20260909,2026-09-09,9,Wed,3,0,1,,2026-09-07,37,2026-09,Sep 2026,Q3 2026,FY2027,3,FY2027 Q1
20260910,2026-09-10,10,Thu,4,0,1,,2026-09-07,37,2026-09,Sep 2026,Q3 2026,FY2027,3,FY2027 Q1
20260911,2026-09-11,11,Fri,5,0,1,,2026-09-07,37,2026-09,Sep 2026,Q3 2026,FY2027,3,FY2027 Q1
20260912,2026-09-12,12,Sat,6,1,0,,2026-09-07,37,2026-09,Sep 2026,Q3 2026,FY2027,3,FY2027 Q1
20260913,2026-09-13,13,Sun,7,1,0,,2026-09-07,37,2026-09,Sep 2026,Q3 2026,FY2027,3,FY2027 Q1
20260914,2026-09-14,14,Mon,1,0,1,,2026-09-14,38,2026-09,Sep 2026,Q3 2026,FY2027,3,FY2027 Q1
20260915,2026-09-15,15,Tue,2,0,1,,2026-09-14,38,2026-09,Sep 2026,Q3 2026,FY2027,3,FY2027 Q1
20260916,2026-09-16,16,Wed,3,0,1,,2026-09-14,38,2026-09,Sep 2026,Q3 2026,FY2027,3,FY2027 Q1
20260917,2026-09-17,17,Thu,4,0,1,,2026-09-14,38,2026-09,Sep 2026,Q3 2026,FY2027,3,FY2027 Q1
20260918,2026-09-18,18,Fri,5,0,1,,2026-09-14,38,2026-09,Sep 2026,Q3 2026,FY2027,3,FY2027 Q1
20260919,2026-09-19,19,Sat,6,1,0,,2026-09-14,38,2026-09,Sep 2026,Q3 2026,FY2027,3,FY2027 Q1
20260920,2026-09-20,20,Sun,7,1,0,,2026-09-14,38,2026-09,Sep 2026,Q3 2026,FY2027,3,FY2027 Q1
20260921,2026-09-21,21,Mon,1,0,1,,2026-09-21,39,2026-09,Sep 2026,Q3 2026,FY2027,3,FY2027 Q1
20260922,2026-09-22,22,Tue,2,0,1,,2026-09-21,39,2026-09,Sep 2026,Q3 2026,FY2027,3,FY2027 Q1
20260923,2026-09-23,23,Wed,3,0,1,,2026-09-21,39,2026-09,Sep 2026,Q3 2026,FY2027,3,FY2027 Q1
20260924,2026-09-24,24,Thu,4,0,1,,2026-09-21,39,2026-09,Sep 2026,Q3 2026,FY2027,3,FY2027 Q1
20260925,2026-09-25,25,Fri,5,0,1,,2026-09-21,39,2026-09,Sep 2026,Q3 2026,FY2027,3,FY2027 Q1
20260926,2026-09-26,26,Sat,6,1,0,,2026-09-21,39,2026-09,Sep 2026,Q3 2026,FY2027,3,FY2027 Q1
20260927,2026-09-27,27,Sun,7,1,0,,2026-09-21,39,2026-09,Sep 2026,Q3 2026,FY2027,3,FY2027 Q1
20260928,2026-09-28,28,Mon,1,0,1,,2026-09-28,40,2026-09,Sep 2026,Q3 2026,FY2027,3,FY2027 Q1
20260929,2026-09-29,29,Tue,2,0,1,,2026-09-28,40,2026-09,Sep 2026,Q3 2026,FY2027,3,FY2027 Q1
20260930,2026-09-30,30,Wed,3,0,1,,2026-09-28,40,2026-09,Sep 2026,Q3 2026,FY2027,3,FY2027 Q1
20261001,2026-10-01,1,Thu,4,0,1,,2026-09-28,40,2026-10,Oct 2026,Q4 2026,FY2027,4,FY2027 Q2
20261002,2026-10-02,2,Fri,5,0,1,,2026-09-28,40,2026-10,Oct 2026,Q4 2026,FY2027,4,FY2027 Q2
20261003,2026-10-03,3,Sat,6,1,0,,2026-09-28,40,2026-10,Oct 2026,Q4 2026,FY2027,4,FY2027 Q2
20261004,2026-10-04,4,Sun,7,1,0,,2026-09-28,40,2026-10,Oct 2026,Q4 2026,FY2027,4,FY2027 Q2
20261005,2026-10-05,5,Mon,1,0,0,King's Birthday,2026-10-05,41,2026-10,Oct 2026,Q4 2026,FY2027,4,FY2027 Q2
20261006,2026-10-06,6,Tue,2,0,1,,2026-10-05,41,2026-10,Oct 2026,Q4 2026,FY2027,4,FY2027 Q2
20261007,2026-10-07,7,Wed,3,0,1,,2026-10-05,41,2026-10,Oct 2026,Q4 2026,FY2027,4,FY2027 Q2
20261008,2026-10-08,8,Thu,4,0,1,,2026-10-05,41,2026-10,Oct 2026,Q4 2026,FY2027,4,FY2027 Q2
20261009,2026-10-09,9,Fri,5,0,1,,2026-10-05,41,2026-10,Oct 2026,Q4 2026,FY2027,4,FY2027 Q2
20261010,2026-10-10,10,Sat,6,1,0,,2026-10-05,41,2026-10,Oct 2026,Q4 2026,FY2027,4,FY2027 Q2
20261011,2026-10-11,11,Sun,7,1,0,,2026-10-05,41,2026-10,Oct 2026,Q4 2026,FY2027,4,FY2027 Q2
20261012,2026-10-12,12,Mon,1,0,1,,2026-10-12,42,2026-10,Oct 2026,Q4 2026,FY2027,4,FY2027 Q2
20261013,2026-10-13,13,Tue,2,0,1,,2026-10-12,42,2026-10,Oct 2026,Q4 2026,FY2027,4,FY2027 Q2
20261014,2026-10-14,14,Wed,3,0,1,,2026-10-12,42,2026-10,Oct 2026,Q4 2026,FY2027,4,FY2027 Q2
20261015,2026-10-15,15,Thu,4,0,1,,2026-10-12,42,2026-10,Oct 2026,Q4 2026,FY2027,4,FY2027 Q2
20261016,2026-10-16,16,Fri,5,0,1,,2026-10-12,42,2026-10,Oct 2026,Q4 2026,FY2027,4,FY2027 Q2
20261017,2026-10-17,17,Sat,6,1,0,,2026-10-12,42,2026-10,Oct 2026,Q4 2026,FY2027,4,FY2027 Q2
20261018,2026-10-18,18,Sun,7,1,0,,2026-10-12,42,2026-10,Oct 2026,Q4 2026,FY2027,4,FY2027 Q2
20261019,2026-10-19,19,Mon,1,0,1,,2026-10-19,43,2026-10,Oct 2026,Q4 2026,FY2027,4,FY2027 Q2
20261020,2026-10-20,20,Tue,2,0,1,,2026-10-19,43,2026-10,Oct 2026,Q4 2026,FY2027,4,FY2027 Q2
20261021,2026-10-21,21,Wed,3,0,1,,2026-10-19,43,2026-10,Oct 2026,Q4 2026,FY2027,4,FY2027 Q2
20261022,2026-10-22,22,Thu,4,0,1,,2026-10-19,43,2026-10,Oct 2026,Q4 2026,FY2027,4,FY2027 Q2
20261023,2026-10-23,23,Fri,5,0,1,,2026-10-19,43,2026-10,Oct 2026,Q4 2026,FY2027,4,FY2027 Q2
20261024,2026-10-24,24,Sat,6,1,0,,2026-10-19,43,2026-10,Oct 2026,Q4 2026,FY2027,4,FY2027 Q2
20261025,2026-10-25,25,Sun,7,1,0,,2026-10-19,43,2026-10,Oct 2026,Q4 2026,FY2027,4,FY2027 Q2
20261026,2026-10-26,26,Mon,1,0,1,,2026-10-26,44,2026-10,Oct 2026,Q4 2026,FY2027,4,FY2027 Q2
20261027,2026-10-27,27,Tue,2,0,1,,2026-10-26,44,2026-10,Oct 2026,Q4 2026,FY2027,4,FY2027 Q2
20261028,2026-10-28,28,Wed,3,0,1,,2026-10-26,44,2026-10,Oct 2026,Q4 2026,FY2027,4,FY2027 Q2
20261029,2026-10-29,29,Thu,4,0,1,,2026-10-26,44,2026-10,Oct 2026,Q4 2026,FY2027,4,FY2027 Q2
20261030,2026-10-30,30,Fri,5,0,1,,2026-10-26,44,2026-10,Oct 2026,Q4 2026,FY2027,4,FY2027 Q2
20261031,2026-10-31,31,Sat,6,1,0,,2026-10-26,44,2026-10,Oct 2026,Q4 2026,FY2027,4,FY2027 Q2
