job_id,org_id,job_type,description
MC-01,trades,Maintenance contract,Riverside Apartments (strata)
MC-02,trades,Maintenance contract,Southbank café group
MC-03,trades,Maintenance contract,Milton office tower
MC-04,trades,Maintenance contract,Ashgrove aged care
MC-05,trades,Maintenance contract,Newstead gym
MC-06,trades,Maintenance contract,Kangaroo Point townhouses
MC-07,trades,Maintenance contract,Rocklea factory
MC-08,trades,Maintenance contract,Wynnum medical centre
MC-09,trades,Maintenance contract,Bulimba school
MC-10,trades,Maintenance contract,Fortitude Valley hotel
MC-11,trades,Maintenance contract,Chermside retail centre
MC-12,trades,Maintenance contract,West End brewery
MC-13,trades,Maintenance contract,Carindale vet clinic
MC-14,trades,Maintenance contract,Wacol logistics depot
J-2500,trades,Installation,Installation (earlier month)
J-2501,trades,Installation,Installation (earlier month)
J-2502,trades,Installation,Installation (earlier month)
J-2503,trades,Installation,Installation (earlier month)
C-0501,trades,Call-out,Call-out and repair
C-0502,trades,Call-out,Call-out and repair
C-0503,trades,Call-out,Call-out and repair
C-0504,trades,Call-out,Call-out and repair
C-0505,trades,Call-out,Call-out and repair
C-0506,trades,Call-out,Call-out and repair
C-0507,trades,Call-out,Call-out and repair
C-0508,trades,Call-out,Call-out and repair
C-0509,trades,Call-out,Call-out and repair
C-0510,trades,Call-out,Call-out and repair
C-0511,trades,Call-out,Call-out and repair
C-0512,trades,Call-out,Call-out and repair
C-0513,trades,Call-out,Call-out and repair
C-0514,trades,Call-out,Call-out and repair
C-0515,trades,Call-out,Call-out and repair
C-0516,trades,Call-out,Call-out and repair
C-0517,trades,Call-out,Call-out and repair
C-0518,trades,Call-out,Call-out and repair
C-0519,trades,Call-out,Call-out and repair
C-0520,trades,Call-out,Call-out and repair
C-0521,trades,Call-out,Call-out and repair
C-0522,trades,Call-out,Call-out and repair
C-0523,trades,Call-out,Call-out and repair
C-0524,trades,Call-out,Call-out and repair
C-0525,trades,Call-out,Call-out and repair
C-0526,trades,Call-out,Call-out and repair
C-0527,trades,Call-out,Call-out and repair
C-0528,trades,Call-out,Call-out and repair
C-0529,trades,Call-out,Call-out and repair
C-0530,trades,Call-out,Call-out and repair
C-0531,trades,Call-out,Call-out and repair
C-0532,trades,Call-out,Call-out and repair
C-0533,trades,Call-out,Call-out and repair
C-0534,trades,Call-out,Call-out and repair
C-0535,trades,Call-out,Call-out and repair
C-0536,trades,Call-out,Call-out and repair
C-0537,trades,Call-out,Call-out and repair
C-0538,trades,Call-out,Call-out and repair
C-0539,trades,Call-out,Call-out and repair
C-0540,trades,Call-out,Call-out and repair
C-0541,trades,Call-out,Call-out and repair
C-0542,trades,Call-out,Call-out and repair
C-0543,trades,Call-out,Call-out and repair
C-0544,trades,Call-out,Call-out and repair
C-0545,trades,Call-out,Call-out and repair
C-0546,trades,Call-out,Call-out and repair
C-0547,trades,Call-out,Call-out and repair
C-0548,trades,Call-out,Call-out and repair
C-0549,trades,Call-out,Call-out and repair
C-0550,trades,Call-out,Call-out and repair
C-0551,trades,Call-out,Call-out and repair
C-0552,trades,Call-out,Call-out and repair
C-0553,trades,Call-out,Call-out and repair
C-0554,trades,Call-out,Call-out and repair
C-0555,trades,Call-out,Call-out and repair
J-2520,trades,Installation,Installation (earlier month)
J-2521,trades,Installation,Installation (earlier month)
J-2522,trades,Installation,Installation (earlier month)
J-2523,trades,Installation,Installation (earlier month)
J-2524,trades,Installation,Installation (earlier month)
C-0601,trades,Call-out,Call-out and repair
C-0602,trades,Call-out,Call-out and repair
C-0603,trades,Call-out,Call-out and repair
C-0604,trades,Call-out,Call-out and repair
C-0605,trades,Call-out,Call-out and repair
C-0606,trades,Call-out,Call-out and repair
C-0607,trades,Call-out,Call-out and repair
C-0608,trades,Call-out,Call-out and repair
C-0609,trades,Call-out,Call-out and repair
C-0610,trades,Call-out,Call-out and repair
C-0611,trades,Call-out,Call-out and repair
C-0612,trades,Call-out,Call-out and repair
C-0613,trades,Call-out,Call-out and repair
C-0614,trades,Call-out,Call-out and repair
C-0615,trades,Call-out,Call-out and repair
C-0616,trades,Call-out,Call-out and repair
C-0617,trades,Call-out,Call-out and repair
C-0618,trades,Call-out,Call-out and repair
C-0619,trades,Call-out,Call-out and repair
C-0620,trades,Call-out,Call-out and repair
C-0621,trades,Call-out,Call-out and repair
C-0622,trades,Call-out,Call-out and repair
C-0623,trades,Call-out,Call-out and repair
C-0624,trades,Call-out,Call-out and repair
C-0625,trades,Call-out,Call-out and repair
C-0626,trades,Call-out,Call-out and repair
C-0627,trades,Call-out,Call-out and repair
C-0628,trades,Call-out,Call-out and repair
C-0629,trades,Call-out,Call-out and repair
C-0630,trades,Call-out,Call-out and repair
C-0631,trades,Call-out,Call-out and repair
C-0632,trades,Call-out,Call-out and repair
C-0633,trades,Call-out,Call-out and repair
C-0634,trades,Call-out,Call-out and repair
C-0635,trades,Call-out,Call-out and repair
C-0636,trades,Call-out,Call-out and repair
C-0637,trades,Call-out,Call-out and repair
C-0638,trades,Call-out,Call-out and repair
C-0639,trades,Call-out,Call-out and repair
C-0640,trades,Call-out,Call-out and repair
C-0641,trades,Call-out,Call-out and repair
C-0642,trades,Call-out,Call-out and repair
C-0643,trades,Call-out,Call-out and repair
C-0644,trades,Call-out,Call-out and repair
C-0645,trades,Call-out,Call-out and repair
C-0646,trades,Call-out,Call-out and repair
C-0647,trades,Call-out,Call-out and repair
C-0648,trades,Call-out,Call-out and repair
C-0649,trades,Call-out,Call-out and repair
C-0650,trades,Call-out,Call-out and repair
C-0651,trades,Call-out,Call-out and repair
C-0652,trades,Call-out,Call-out and repair
C-0653,trades,Call-out,Call-out and repair
C-0654,trades,Call-out,Call-out and repair
C-0655,trades,Call-out,Call-out and repair
C-0656,trades,Call-out,Call-out and repair
C-0657,trades,Call-out,Call-out and repair
J-2540,trades,Installation,Installation (earlier month)
J-2541,trades,Installation,Installation (earlier month)
J-2542,trades,Installation,Installation (earlier month)
J-2543,trades,Installation,Installation (earlier month)
C-0701,trades,Call-out,Call-out and repair
C-0702,trades,Call-out,Call-out and repair
C-0703,trades,Call-out,Call-out and repair
C-0704,trades,Call-out,Call-out and repair
C-0705,trades,Call-out,Call-out and repair
C-0706,trades,Call-out,Call-out and repair
C-0707,trades,Call-out,Call-out and repair
C-0708,trades,Call-out,Call-out and repair
C-0709,trades,Call-out,Call-out and repair
C-0710,trades,Call-out,Call-out and repair
C-0711,trades,Call-out,Call-out and repair
C-0712,trades,Call-out,Call-out and repair
C-0713,trades,Call-out,Call-out and repair
C-0714,trades,Call-out,Call-out and repair
C-0715,trades,Call-out,Call-out and repair
C-0716,trades,Call-out,Call-out and repair
C-0717,trades,Call-out,Call-out and repair
C-0718,trades,Call-out,Call-out and repair
C-0719,trades,Call-out,Call-out and repair
C-0720,trades,Call-out,Call-out and repair
C-0721,trades,Call-out,Call-out and repair
C-0722,trades,Call-out,Call-out and repair
C-0723,trades,Call-out,Call-out and repair
C-0724,trades,Call-out,Call-out and repair
C-0725,trades,Call-out,Call-out and repair
C-0726,trades,Call-out,Call-out and repair
C-0727,trades,Call-out,Call-out and repair
C-0728,trades,Call-out,Call-out and repair
C-0729,trades,Call-out,Call-out and repair
C-0730,trades,Call-out,Call-out and repair
C-0731,trades,Call-out,Call-out and repair
C-0732,trades,Call-out,Call-out and repair
C-0733,trades,Call-out,Call-out and repair
C-0734,trades,Call-out,Call-out and repair
C-0735,trades,Call-out,Call-out and repair
C-0736,trades,Call-out,Call-out and repair
C-0737,trades,Call-out,Call-out and repair
C-0738,trades,Call-out,Call-out and repair
C-0739,trades,Call-out,Call-out and repair
C-0740,trades,Call-out,Call-out and repair
C-0741,trades,Call-out,Call-out and repair
C-0742,trades,Call-out,Call-out and repair
C-0743,trades,Call-out,Call-out and repair
C-0744,trades,Call-out,Call-out and repair
C-0745,trades,Call-out,Call-out and repair
C-0746,trades,Call-out,Call-out and repair
C-0747,trades,Call-out,Call-out and repair
C-0748,trades,Call-out,Call-out and repair
C-0749,trades,Call-out,Call-out and repair
C-0750,trades,Call-out,Call-out and repair
C-0751,trades,Call-out,Call-out and repair
C-0752,trades,Call-out,Call-out and repair
C-0753,trades,Call-out,Call-out and repair
C-0754,trades,Call-out,Call-out and repair
J-2588,trades,Installation,"Switchboard upgrade, Rocklea factory"
J-2591,trades,Installation,"LED retrofit, Ashgrove school hall"
J-2594,trades,Installation,"Air-con install, Newstead gym"
J-2597,trades,Installation,"Solar install, Wynnum residence"
J-2599,trades,Installation,"Data cabling, Fortitude Valley office"
C-0801,trades,Call-out,Call-out and repair
C-0802,trades,Call-out,Call-out and repair
C-0803,trades,Call-out,Call-out and repair
C-0804,trades,Call-out,Call-out and repair
C-0805,trades,Call-out,Call-out and repair
C-0806,trades,Call-out,Call-out and repair
C-0807,trades,Call-out,Call-out and repair
C-0808,trades,Call-out,Call-out and repair
C-0809,trades,Call-out,Call-out and repair
C-0810,trades,Call-out,Call-out and repair
C-0811,trades,Call-out,Call-out and repair
C-0812,trades,Call-out,Call-out and repair
C-0813,trades,Call-out,Call-out and repair
C-0814,trades,Call-out,Call-out and repair
C-0815,trades,Call-out,Call-out and repair
C-0816,trades,Call-out,Call-out and repair
C-0817,trades,Call-out,Call-out and repair
C-0818,trades,Call-out,Call-out and repair
C-0819,trades,Call-out,Call-out and repair
C-0820,trades,Call-out,Call-out and repair
C-0821,trades,Call-out,Call-out and repair
C-0822,trades,Call-out,Call-out and repair
C-0823,trades,Call-out,Call-out and repair
C-0824,trades,Call-out,Call-out and repair
C-0825,trades,Call-out,Call-out and repair
C-0826,trades,Call-out,Call-out and repair
C-0827,trades,Call-out,Call-out and repair
C-0828,trades,Call-out,Call-out and repair
C-0829,trades,Call-out,Call-out and repair
C-0830,trades,Call-out,Call-out and repair
C-0831,trades,Call-out,Call-out and repair
C-0832,trades,Call-out,Call-out and repair
C-0833,trades,Call-out,Call-out and repair
C-0834,trades,Call-out,Call-out and repair
C-0835,trades,Call-out,Call-out and repair
C-0836,trades,Call-out,Call-out and repair
C-0837,trades,Call-out,Call-out and repair
C-0838,trades,Call-out,Call-out and repair
C-0839,trades,Call-out,Call-out and repair
C-0840,trades,Call-out,Call-out and repair
C-0841,trades,Call-out,Call-out and repair
C-0842,trades,Call-out,Call-out and repair
C-0843,trades,Call-out,Call-out and repair
C-0844,trades,Call-out,Call-out and repair
C-0845,trades,Call-out,Call-out and repair
C-0846,trades,Call-out,Call-out and repair
C-0847,trades,Call-out,Call-out and repair
C-0848,trades,Call-out,Call-out and repair
C-0849,trades,Call-out,Call-out and repair
C-0850,trades,Call-out,Call-out and repair
C-0851,trades,Call-out,Call-out and repair
C-0852,trades,Call-out,Call-out and repair
C-0853,trades,Call-out,Call-out and repair
C-0854,trades,Call-out,Call-out and repair
C-0855,trades,Call-out,Call-out and repair
C-0856,trades,Call-out,Call-out and repair
C-0857,trades,Call-out,Call-out and repair
C-0858,trades,Call-out,Call-out and repair
J-2604,trades,Installation,"Switchboard upgrade, Wacol warehouse"
J-2607,trades,Installation,"LED lighting retrofit, Milton office"
J-2611,trades,Installation,"Solar and battery, Carindale residence"
J-2615,trades,Installation,"Air-con install, West End café"
J-2618,trades,Installation,"EV chargers, Bulimba townhouses"
J-2620,trades,Installation,"Data cabling, Chermside medical clinic"
C-0901,trades,Call-out,Call-out and repair
C-0902,trades,Call-out,Call-out and repair
C-0903,trades,Call-out,Call-out and repair
C-0904,trades,Call-out,Call-out and repair
C-0905,trades,Call-out,Call-out and repair
C-0906,trades,Call-out,Call-out and repair
C-0907,trades,Call-out,Call-out and repair
C-0908,trades,Call-out,Call-out and repair
C-0909,trades,Call-out,Call-out and repair
C-0910,trades,Call-out,Call-out and repair
C-0911,trades,Call-out,Call-out and repair
C-0912,trades,Call-out,Call-out and repair
C-0913,trades,Call-out,Call-out and repair
C-0914,trades,Call-out,Call-out and repair
C-0915,trades,Call-out,Call-out and repair
C-0916,trades,Call-out,Call-out and repair
C-0917,trades,Call-out,Call-out and repair
C-0918,trades,Call-out,Call-out and repair
C-0919,trades,Call-out,Call-out and repair
C-0920,trades,Call-out,Call-out and repair
C-0921,trades,Call-out,Call-out and repair
C-0922,trades,Call-out,Call-out and repair
C-0923,trades,Call-out,Call-out and repair
C-0924,trades,Call-out,Call-out and repair
C-0925,trades,Call-out,Call-out and repair
C-0926,trades,Call-out,Call-out and repair
C-0927,trades,Call-out,Call-out and repair
C-0928,trades,Call-out,Call-out and repair
C-0929,trades,Call-out,Call-out and repair
C-0930,trades,Call-out,Call-out and repair
C-0931,trades,Call-out,Call-out and repair
C-0932,trades,Call-out,Call-out and repair
C-0933,trades,Call-out,Call-out and repair
C-0934,trades,Call-out,Call-out and repair
C-0935,trades,Call-out,Call-out and repair
C-0936,trades,Call-out,Call-out and repair
C-0937,trades,Call-out,Call-out and repair
C-0938,trades,Call-out,Call-out and repair
C-0939,trades,Call-out,Call-out and repair
C-0940,trades,Call-out,Call-out and repair
C-0941,trades,Call-out,Call-out and repair
C-0942,trades,Call-out,Call-out and repair
C-0943,trades,Call-out,Call-out and repair
C-0944,trades,Call-out,Call-out and repair
C-0945,trades,Call-out,Call-out and repair
C-0946,trades,Call-out,Call-out and repair
C-0947,trades,Call-out,Call-out and repair
C-0948,trades,Call-out,Call-out and repair
C-0949,trades,Call-out,Call-out and repair
C-0950,trades,Call-out,Call-out and repair
C-0951,trades,Call-out,Call-out and repair
C-0952,trades,Call-out,Call-out and repair
C-0953,trades,Call-out,Call-out and repair
C-0954,trades,Call-out,Call-out and repair
C-0955,trades,Call-out,Call-out and repair
C-0956,trades,Call-out,Call-out and repair
C-0957,trades,Call-out,Call-out and repair
C-0958,trades,Call-out,Call-out and repair
C-0959,trades,Call-out,Call-out and repair
C-0960,trades,Call-out,Call-out and repair
C-0961,trades,Call-out,Call-out and repair
C-0962,trades,Call-out,Call-out and repair
C-0963,trades,Call-out,Call-out and repair
C-0964,trades,Call-out,Call-out and repair
