account_id,org_id,statement,section,line,line_level,line_order,is_postable
1,trades,P&L,Revenue,Maintenance contracts (14),detail,2,1
2,trades,P&L,Revenue,Installations (jobs),detail,3,1
3,trades,P&L,Revenue,Call-outs and repairs,detail,4,1
4,trades,P&L,Revenue,Total revenue,subtotal,5,0
5,trades,P&L,Cost of sales,Materials,detail,7,1
6,trades,P&L,Cost of sales,Subcontractors,detail,8,1
7,trades,P&L,Cost of sales,Technician wages (incl. super),detail,9,1
8,trades,P&L,Cost of sales,Total cost of sales,subtotal,10,0
9,trades,P&L,Cost of sales,Gross profit,total,11,0
10,trades,P&L,Operating expenses,Office and admin wages,detail,13,1
11,trades,P&L,Operating expenses,Marketing,detail,14,1
12,trades,P&L,Operating expenses,Vehicles and fuel,detail,15,1
13,trades,P&L,Operating expenses,Rent and occupancy,detail,16,1
14,trades,P&L,Operating expenses,Insurance,detail,17,1
15,trades,P&L,Operating expenses,IT and software,detail,18,1
16,trades,P&L,Operating expenses,Other overheads,detail,19,1
17,trades,P&L,Operating expenses,Total operating expenses,subtotal,20,0
18,trades,P&L,Operating expenses,EBITDA,total,21,0
19,trades,P&L,Operating expenses,Depreciation,subtotal,22,1
20,trades,P&L,Operating expenses,Interest,subtotal,23,1
21,trades,P&L,Operating expenses,Profit before tax,total,24,0
22,trades,P&L,Operating expenses,Income tax provision (25%),subtotal,25,1
23,trades,P&L,Operating expenses,Net profit after tax,key,26,0
24,trades,Balance sheet,Current assets,Cash at bank,detail,2,1
25,trades,Balance sheet,Current assets,Trade debtors (unpaid invoices),detail,3,1
26,trades,Balance sheet,Current assets,Materials on hand,detail,4,1
27,trades,Balance sheet,Current assets,Prepayments,detail,5,1
28,trades,Balance sheet,Current assets,Total current assets,subtotal,6,0
29,trades,Balance sheet,Current assets,Vehicles and equipment,subtotal,7,0
30,trades,Balance sheet,Current assets,Total assets,total,8,0
31,trades,Balance sheet,Current liabilities,Trade creditors (bills due next month),detail,10,1
32,trades,Balance sheet,Current liabilities,Employee leave provisions,detail,11,1
33,trades,Balance sheet,Current liabilities,Income tax payable,detail,12,1
34,trades,Balance sheet,Current liabilities,Total current liabilities,subtotal,13,0
35,trades,Balance sheet,Current liabilities,Equipment finance,subtotal,14,0
36,trades,Balance sheet,Current liabilities,Total liabilities,total,15,0
37,trades,Balance sheet,Current liabilities,Net assets,key,16,0
38,trades,Balance sheet,Equity,Share capital,detail,18,1
39,trades,Balance sheet,Equity,Retained earnings,detail,19,1
40,trades,Balance sheet,Equity,Total equity,key,20,0
41,trades,Cash flow,Operating activities,Receipts from customers (invoices paid),detail,2,1
42,trades,Cash flow,Operating activities,Payments to suppliers,detail,3,1
43,trades,Cash flow,Operating activities,Payments to employees,detail,4,1
44,trades,Cash flow,Operating activities,Interest paid,detail,5,1
45,trades,Cash flow,Operating activities,Income tax paid,detail,6,1
46,trades,Cash flow,Operating activities,Net cash from operating activities,subtotal,7,0
47,trades,Cash flow,Investing activities,Purchase of vehicles and equipment,detail,9,1
48,trades,Cash flow,Investing activities,Net cash from investing activities,subtotal,10,0
49,trades,Cash flow,Financing activities,Equipment finance repaid,detail,12,1
50,trades,Cash flow,Financing activities,Net cash from financing activities,subtotal,13,0
51,trades,Cash flow,Financing activities,Net change in cash,total,14,0
52,trades,Cash flow,Financing activities,Cash at start of month,subtotal,15,0
53,trades,Cash flow,Financing activities,Cash at end of month,key,16,0
54,services,P&L,Revenue,Projects (hours worked),detail,2,1
55,services,P&L,Revenue,Retainers,detail,3,1
56,services,P&L,Revenue,Training,detail,4,1
57,services,P&L,Revenue,Total revenue,subtotal,5,0
58,services,P&L,Cost of sales,Consultant salaries (incl. super),detail,7,1
59,services,P&L,Cost of sales,Contractors,detail,8,1
60,services,P&L,Cost of sales,Total cost of sales,subtotal,9,0
61,services,P&L,Cost of sales,Gross profit,total,10,0
62,services,P&L,Operating expenses,Management and admin wages,detail,12,1
63,services,P&L,Operating expenses,Marketing and business development,detail,13,1
64,services,P&L,Operating expenses,Rent and occupancy,detail,14,1
65,services,P&L,Operating expenses,IT and software,detail,15,1
66,services,P&L,Operating expenses,Professional indemnity insurance,detail,16,1
67,services,P&L,Operating expenses,Travel,detail,17,1
68,services,P&L,Operating expenses,Other overheads,detail,18,1
69,services,P&L,Operating expenses,Total operating expenses,subtotal,19,0
70,services,P&L,Operating expenses,EBITDA,total,20,0
71,services,P&L,Operating expenses,Depreciation,subtotal,21,1
72,services,P&L,Operating expenses,Interest,subtotal,22,1
73,services,P&L,Operating expenses,Profit before tax,total,23,0
74,services,P&L,Operating expenses,Income tax provision (25%),subtotal,24,1
75,services,P&L,Operating expenses,Net profit after tax,key,25,0
76,services,Balance sheet,Current assets,Cash at bank,detail,2,1
77,services,Balance sheet,Current assets,Trade debtors (unpaid invoices),detail,3,1
78,services,Balance sheet,Current assets,Work in progress (unbilled project time),detail,4,1
79,services,Balance sheet,Current assets,Prepayments,detail,5,1
80,services,Balance sheet,Current assets,Total current assets,subtotal,6,0
81,services,Balance sheet,Current assets,Office equipment,subtotal,7,0
82,services,Balance sheet,Current assets,Total assets,total,8,0
83,services,Balance sheet,Current liabilities,Trade creditors (bills due next month),detail,10,1
84,services,Balance sheet,Current liabilities,Employee leave provisions,detail,11,1
85,services,Balance sheet,Current liabilities,Income tax payable,detail,12,1
86,services,Balance sheet,Current liabilities,Total current liabilities,subtotal,13,0
87,services,Balance sheet,Current liabilities,Equipment finance,subtotal,14,0
88,services,Balance sheet,Current liabilities,Total liabilities,total,15,0
89,services,Balance sheet,Current liabilities,Net assets,key,16,0
90,services,Balance sheet,Equity,Share capital,detail,18,1
91,services,Balance sheet,Equity,Retained earnings,detail,19,1
92,services,Balance sheet,Equity,Total equity,key,20,0
93,services,Cash flow,Operating activities,Receipts from customers (invoices paid),detail,2,1
94,services,Cash flow,Operating activities,Payments to contractors and suppliers,detail,3,1
95,services,Cash flow,Operating activities,Payments to employees,detail,4,1
96,services,Cash flow,Operating activities,Interest paid,detail,5,1
97,services,Cash flow,Operating activities,Income tax paid,detail,6,1
98,services,Cash flow,Operating activities,Net cash from operating activities,subtotal,7,0
99,services,Cash flow,Investing activities,Purchase of equipment,detail,9,1
100,services,Cash flow,Investing activities,Net cash from investing activities,subtotal,10,0
101,services,Cash flow,Financing activities,Equipment finance repaid,detail,12,1
102,services,Cash flow,Financing activities,Net cash from financing activities,subtotal,13,0
103,services,Cash flow,Financing activities,Net change in cash,total,14,0
104,services,Cash flow,Financing activities,Cash at start of month,subtotal,15,0
105,services,Cash flow,Financing activities,Cash at end of month,key,16,0
106,nfp,P&L,Income,G-101 Youth outreach grant,detail,2,1
107,nfp,P&L,Income,G-102 Housing support grant,detail,3,1
108,nfp,P&L,Income,G-103 Community meals grant,detail,4,1
109,nfp,P&L,Income,G-104 Digital literacy grant,detail,5,1
110,nfp,P&L,Income,G-105 Mental health first aid grant,detail,6,1
111,nfp,P&L,Income,G-106 Volunteer coordinator grant,detail,7,1
112,nfp,P&L,Income,Donations,detail,8,1
113,nfp,P&L,Income,Fundraising events,detail,9,1
114,nfp,P&L,Income,Program fees,detail,10,1
115,nfp,P&L,Income,Interest,detail,11,1
116,nfp,P&L,Income,Total income,subtotal,12,0
117,nfp,P&L,Programs,Grant-funded program wages,detail,14,1
118,nfp,P&L,Programs,Grant-funded program costs,detail,15,1
119,nfp,P&L,Programs,Program delivery wages (untied),detail,16,1
120,nfp,P&L,Programs,Program costs (untied),detail,17,1
121,nfp,P&L,Programs,Total program spend,subtotal,18,0
122,nfp,P&L,Fundraising,Grant writing and reporting,detail,20,1
123,nfp,P&L,Fundraising,Donor campaigns,detail,21,1
124,nfp,P&L,Fundraising,Event costs,detail,22,1
125,nfp,P&L,Fundraising,Total fundraising costs,subtotal,23,0
126,nfp,P&L,Administration,Administration wages,detail,25,1
127,nfp,P&L,Administration,Occupancy,detail,26,1
128,nfp,P&L,Administration,Other administration,detail,27,1
129,nfp,P&L,Administration,Total administration,subtotal,28,0
130,nfp,P&L,Administration,Depreciation,subtotal,29,1
131,nfp,P&L,Administration,Total expenses,total,30,0
132,nfp,P&L,Administration,Surplus for the month,key,31,0
133,nfp,Balance sheet,Current assets,Cash at bank,detail,2,1
134,nfp,Balance sheet,Current assets,Program fees receivable,detail,3,1
135,nfp,Balance sheet,Current assets,Grants receivable (spent ahead of instalment),detail,4,1
136,nfp,Balance sheet,Current assets,Prepayments,detail,5,1
137,nfp,Balance sheet,Current assets,Total current assets,subtotal,6,0
138,nfp,Balance sheet,Current assets,Vehicles and equipment,subtotal,7,0
139,nfp,Balance sheet,Current assets,Total assets,total,8,0
140,nfp,Balance sheet,Current liabilities,Payables (bills due next month),detail,10,1
141,nfp,Balance sheet,Current liabilities,Grants received in advance (unspent),detail,11,1
142,nfp,Balance sheet,Current liabilities,Employee leave provisions,detail,12,1
143,nfp,Balance sheet,Current liabilities,Total liabilities,total,13,0
144,nfp,Balance sheet,Current liabilities,Net assets,key,14,0
145,nfp,Balance sheet,Equity,Accumulated funds,key,16,0
146,nfp,Cash flow,Operating activities,Grant instalments received,detail,2,1
147,nfp,Cash flow,Operating activities,Donations and fundraising received,detail,3,1
148,nfp,Cash flow,Operating activities,Program fees received,detail,4,1
149,nfp,Cash flow,Operating activities,Interest received,detail,5,1
150,nfp,Cash flow,Operating activities,Payments to suppliers,detail,6,1
151,nfp,Cash flow,Operating activities,Payments to employees,detail,7,1
152,nfp,Cash flow,Operating activities,Net cash from operating activities,subtotal,8,0
153,nfp,Cash flow,Investing activities,Purchase of vehicles and equipment,detail,10,1
154,nfp,Cash flow,Investing activities,Net cash from investing activities,subtotal,11,0
155,nfp,Cash flow,Investing activities,Net change in cash,total,12,0
156,nfp,Cash flow,Investing activities,Cash at start of month,subtotal,13,0
157,nfp,Cash flow,Investing activities,Cash at end of month,key,14,0
