month_key,job_id,invoice_date,revenue,materials,subcontractors,tech_hours,labour_cost,gross_profit
2026-05,MC-01,2026-05-01,3200,60,0,18,1224,1916
2026-05,MC-02,2026-05-01,1800,40,0,10,680,1080
2026-05,MC-03,2026-05-01,4200,90,0,24,1632,2478
2026-05,MC-04,2026-05-01,3600,80,0,20,1360,2160
2026-05,MC-05,2026-05-01,1600,30,0,9,612,958
2026-05,MC-06,2026-05-01,2400,50,0,14,952,1398
2026-05,MC-07,2026-05-01,3900,110,0,22,1496,2294
2026-05,MC-08,2026-05-01,2200,40,0,12,816,1344
2026-05,MC-09,2026-05-01,2800,60,0,16,1088,1652
2026-05,MC-10,2026-05-01,3400,70,0,19,1292,2038
2026-05,MC-11,2026-05-01,4100,100,0,23,1564,2436
2026-05,MC-12,2026-05-01,2600,50,0,15,1020,1530
2026-05,MC-13,2026-05-01,1700,30,0,9,612,1058
2026-05,MC-14,2026-05-01,3000,70,0,17,1156,1774
2026-05,J-2500,2026-05-06,32000,12100,2500,123,8364,9036
2026-05,J-2501,2026-05-05,10400,3900,800,40,2720,2980
2026-05,J-2502,2026-05-18,39300,14900,3100,151,10268,11032
2026-05,J-2503,2026-05-09,10700,4000,800,41,2788,3112
2026-05,C-0501,2026-05-11,504,220,0,1.5,102,182
2026-05,C-0502,2026-05-15,708,210,0,3,204,294
2026-05,C-0503,2026-05-02,643,160,0,3,204,279
2026-05,C-0504,2026-05-07,643,160,0,3,204,279
2026-05,C-0505,2026-05-03,524,180,0,2,136,208
2026-05,C-0506,2026-05-14,589,230,0,2,136,223
2026-05,C-0507,2026-05-19,537,190,0,2,136,211
2026-05,C-0508,2026-05-19,723,110,0,4,272,341
2026-05,C-0509,2026-05-24,671,70,0,4,272,329
2026-05,C-0510,2026-05-04,355,50,0,2,136,169
2026-05,C-0511,2026-05-10,736,120,0,4,272,344
2026-05,C-0512,2026-05-07,617,140,0,3,204,273
2026-05,C-0513,2026-05-25,262,90,0,1,68,104
2026-05,C-0514,2026-05-09,498,160,0,2,136,202
2026-05,C-0515,2026-05-18,407,90,0,2,136,181
2026-05,C-0516,2026-05-01,467,80,0,2.5,170,217
2026-05,C-0517,2026-05-23,275,100,0,1,68,107
2026-05,C-0518,2026-05-20,407,90,0,2,136,181
2026-05,C-0519,2026-05-28,669,180,0,3,204,285
2026-05,C-0520,2026-05-05,552,90,0,3,204,258
2026-05,C-0521,2026-05-04,461,20,0,3,204,237
2026-05,C-0522,2026-05-12,697,90,0,4,272,335
2026-05,C-0523,2026-05-14,539,80,0,3,204,255
2026-05,C-0524,2026-05-22,682,190,0,3,204,288
2026-05,C-0525,2026-05-19,472,140,0,2,136,196
2026-05,C-0526,2026-05-14,309,70,0,1.5,102,137
2026-05,C-0527,2026-05-11,762,140,0,4,272,350
2026-05,C-0528,2026-05-28,474,30,0,3,204,240
2026-05,C-0529,2026-05-14,879,230,0,4,272,377
2026-05,C-0530,2026-05-13,669,180,0,3,204,285
2026-05,C-0531,2026-05-22,433,110,0,2,136,187
2026-05,C-0532,2026-05-20,519,120,0,2.5,170,229
2026-05,C-0533,2026-05-19,474,30,0,3,204,240
2026-05,C-0534,2026-05-22,695,200,0,3,204,291
2026-05,C-0535,2026-05-15,532,130,0,2.5,170,232
2026-05,C-0536,2026-05-02,721,220,0,3,204,297
2026-05,C-0537,2026-05-26,643,160,0,3,204,279
2026-05,C-0538,2026-05-01,355,50,0,2,136,169
2026-05,C-0539,2026-05-13,506,110,0,2.5,170,226
2026-05,C-0540,2026-05-01,519,120,0,2.5,170,229
2026-05,C-0541,2026-05-10,283,50,0,1.5,102,131
2026-05,C-0542,2026-05-09,441,60,0,2.5,170,211
2026-05,C-0543,2026-05-06,662,230,0,2.5,170,262
2026-05,C-0544,2026-05-07,506,110,0,2.5,170,226
2026-05,C-0545,2026-05-21,656,170,0,3,204,282
2026-05,C-0546,2026-05-22,623,200,0,2.5,170,253
2026-05,C-0547,2026-05-17,591,120,0,3,204,267
2026-05,C-0548,2026-05-23,368,60,0,2,136,172
2026-05,C-0549,2026-05-15,210,50,0,1,68,92
2026-05,C-0550,2026-05-17,342,40,0,2,136,166
2026-05,C-0551,2026-05-15,550,200,0,2,136,214
2026-05,C-0552,2026-05-26,257,30,0,1.5,102,125
2026-05,C-0553,2026-05-27,461,20,0,3,204,237
2026-05,C-0554,2026-05-23,524,180,0,2,136,208
2026-05,C-0555,2026-05-04,461,20,0,3,204,237
2026-06,MC-01,2026-06-01,3200,60,0,18,1224,1916
2026-06,MC-02,2026-06-01,1800,40,0,10,680,1080
2026-06,MC-03,2026-06-01,4200,90,0,24,1632,2478
2026-06,MC-04,2026-06-01,3600,80,0,20,1360,2160
2026-06,MC-05,2026-06-01,1600,30,0,9,612,958
2026-06,MC-06,2026-06-01,2400,50,0,14,952,1398
2026-06,MC-07,2026-06-01,3900,110,0,22,1496,2294
2026-06,MC-08,2026-06-01,2200,40,0,12,816,1344
2026-06,MC-09,2026-06-01,2800,60,0,16,1088,1652
2026-06,MC-10,2026-06-01,3400,70,0,19,1292,2038
2026-06,MC-11,2026-06-01,4100,100,0,23,1564,2436
2026-06,MC-12,2026-06-01,2600,50,0,15,1020,1530
2026-06,MC-13,2026-06-01,1700,30,0,9,612,1058
2026-06,MC-14,2026-06-01,3000,70,0,17,1156,1774
2026-06,J-2520,2026-06-15,18400,6900,1400,70,4760,5340
2026-06,J-2521,2026-06-15,36900,14000,2900,141,9588,10412
2026-06,J-2522,2026-06-25,9800,3700,700,37,2516,2884
2026-06,J-2523,2026-06-20,15100,5700,1200,58,3944,4256
2026-06,J-2524,2026-06-18,23000,8700,1800,88,5984,6516
2026-06,C-0601,2026-06-07,734,230,0,3,204,300
2026-06,C-0602,2026-06-21,223,60,0,1,68,95
2026-06,C-0603,2026-06-19,524,180,0,2,136,208
2026-06,C-0604,2026-06-17,420,100,0,2,136,184
2026-06,C-0605,2026-06-24,461,20,0,3,204,237
2026-06,C-0606,2026-06-06,296,60,0,1.5,102,134
2026-06,C-0607,2026-06-09,314,130,0,1,68,116
2026-06,C-0608,2026-06-02,498,160,0,2,136,202
2026-06,C-0609,2026-06-26,500,50,0,3,204,246
2026-06,C-0610,2026-06-17,658,60,0,4,272,326
2026-06,C-0611,2026-06-28,662,230,0,2.5,170,262
2026-06,C-0612,2026-06-12,723,110,0,4,272,341
2026-06,C-0613,2026-06-13,658,60,0,4,272,326
2026-06,C-0614,2026-06-18,591,120,0,3,204,267
2026-06,C-0615,2026-06-26,244,20,0,1.5,102,122
2026-06,C-0616,2026-06-08,400,140,0,1.5,102,158
2026-06,C-0617,2026-06-25,389,20,0,2.5,170,199
2026-06,C-0618,2026-06-18,636,210,0,2.5,170,256
2026-06,C-0619,2026-06-10,524,180,0,2,136,208
2026-06,C-0620,2026-06-26,519,120,0,2.5,170,229
2026-06,C-0621,2026-06-20,552,90,0,3,204,258
2026-06,C-0622,2026-06-06,355,50,0,2,136,169
2026-06,C-0623,2026-06-06,381,70,0,2,136,175
2026-06,C-0624,2026-06-23,656,170,0,3,204,282
2026-06,C-0625,2026-06-27,288,110,0,1,68,110
2026-06,C-0626,2026-06-08,197,40,0,1,68,89
2026-06,C-0627,2026-06-20,643,160,0,3,204,279
2026-06,C-0628,2026-06-20,879,230,0,4,272,377
2026-06,C-0629,2026-06-17,697,90,0,4,272,335
2026-06,C-0630,2026-06-03,537,190,0,2,136,211
2026-06,C-0631,2026-06-17,262,90,0,1,68,104
2026-06,C-0632,2026-06-13,840,200,0,4,272,368
2026-06,C-0633,2026-06-05,645,50,0,4,272,323
2026-06,C-0634,2026-06-08,775,150,0,4,272,353
2026-06,C-0635,2026-06-16,658,60,0,4,272,326
2026-06,C-0636,2026-06-09,801,170,0,4,272,359
2026-06,C-0637,2026-06-03,697,90,0,4,272,335
2026-06,C-0638,2026-06-21,426,160,0,1.5,102,164
2026-06,C-0639,2026-06-04,658,60,0,4,272,326
2026-06,C-0640,2026-06-26,539,80,0,3,204,255
2026-06,C-0641,2026-06-08,329,30,0,2,136,163
2026-06,C-0642,2026-06-13,472,140,0,2,136,196
2026-06,C-0643,2026-06-19,348,100,0,1.5,102,146
2026-06,C-0644,2026-06-20,563,210,0,2,136,217
2026-06,C-0645,2026-06-08,513,60,0,3,204,249
2026-06,C-0646,2026-06-01,487,40,0,3,204,243
2026-06,C-0647,2026-06-21,511,170,0,2,136,205
2026-06,C-0648,2026-06-19,500,50,0,3,204,246
2026-06,C-0649,2026-06-28,762,140,0,4,272,350
2026-06,C-0650,2026-06-20,389,20,0,2.5,170,199
2026-06,C-0651,2026-06-21,491,210,0,1.5,102,179
2026-06,C-0652,2026-06-21,374,120,0,1.5,102,152
2026-06,C-0653,2026-06-05,472,140,0,2,136,196
2026-06,C-0654,2026-06-11,184,30,0,1,68,86
2026-06,C-0655,2026-06-16,736,120,0,4,272,344
2026-06,C-0656,2026-06-08,433,110,0,2,136,187
2026-06,C-0657,2026-06-17,439,170,0,1.5,102,167
2026-07,MC-01,2026-07-01,3200,60,0,18,1224,1916
2026-07,MC-02,2026-07-01,1800,40,0,10,680,1080
2026-07,MC-03,2026-07-01,4200,90,0,24,1632,2478
2026-07,MC-04,2026-07-01,3600,80,0,20,1360,2160
2026-07,MC-05,2026-07-01,1600,30,0,9,612,958
2026-07,MC-06,2026-07-01,2400,50,0,14,952,1398
2026-07,MC-07,2026-07-01,3900,110,0,22,1496,2294
2026-07,MC-08,2026-07-01,2200,40,0,12,816,1344
2026-07,MC-09,2026-07-01,2800,60,0,16,1088,1652
2026-07,MC-10,2026-07-01,3400,70,0,19,1292,2038
2026-07,MC-11,2026-07-01,4100,100,0,23,1564,2436
2026-07,MC-12,2026-07-01,2600,50,0,15,1020,1530
2026-07,MC-13,2026-07-01,1700,30,0,9,612,1058
2026-07,MC-14,2026-07-01,3000,70,0,17,1156,1774
2026-07,J-2540,2026-07-07,30500,11500,2400,117,7956,8644
2026-07,J-2541,2026-07-06,34600,13100,2700,133,9044,9756
2026-07,J-2542,2026-07-02,29200,11000,2300,112,7616,8284
2026-07,J-2543,2026-07-03,33300,12600,2600,128,8704,9396
2026-07,C-0701,2026-07-24,578,110,0,3,204,264
2026-07,C-0702,2026-07-28,478,200,0,1.5,102,176
2026-07,C-0703,2026-07-02,329,30,0,2,136,163
2026-07,C-0704,2026-07-23,431,220,0,1,68,143
2026-07,C-0705,2026-07-07,433,110,0,2,136,187
2026-07,C-0706,2026-07-07,749,130,0,4,272,347
2026-07,C-0707,2026-07-16,426,160,0,1.5,102,164
2026-07,C-0708,2026-07-20,394,80,0,2,136,178
2026-07,C-0709,2026-07-19,500,50,0,3,204,246
2026-07,C-0710,2026-07-07,405,200,0,1,68,137
2026-07,C-0711,2026-07-23,721,220,0,3,204,297
2026-07,C-0712,2026-07-18,576,220,0,2,136,220
2026-07,C-0713,2026-07-27,223,60,0,1,68,95
2026-07,C-0714,2026-07-11,389,20,0,2.5,170,199
2026-07,C-0715,2026-07-19,439,170,0,1.5,102,167
2026-07,C-0716,2026-07-09,762,140,0,4,272,350
2026-07,C-0717,2026-07-22,322,80,0,1.5,102,140
2026-07,C-0718,2026-07-10,669,180,0,3,204,285
2026-07,C-0719,2026-07-03,658,60,0,4,272,326
2026-07,C-0720,2026-07-02,361,110,0,1.5,102,149
2026-07,C-0721,2026-07-27,392,190,0,1,68,134
2026-07,C-0722,2026-07-20,485,150,0,2,136,199
2026-07,C-0723,2026-07-06,342,40,0,2,136,166
2026-07,C-0724,2026-07-23,597,180,0,2.5,170,247
2026-07,C-0725,2026-07-13,361,110,0,1.5,102,149
2026-07,C-0726,2026-07-16,275,100,0,1,68,107
2026-07,C-0727,2026-07-04,342,40,0,2,136,166
2026-07,C-0728,2026-07-25,283,50,0,1.5,102,131
2026-07,C-0729,2026-07-17,342,40,0,2,136,166
2026-07,C-0730,2026-07-19,827,190,0,4,272,365
2026-07,C-0731,2026-07-16,656,170,0,3,204,282
2026-07,C-0732,2026-07-09,428,50,0,2.5,170,208
2026-07,C-0733,2026-07-18,506,110,0,2.5,170,226
2026-07,C-0734,2026-07-08,381,70,0,2,136,175
2026-07,C-0735,2026-07-26,584,170,0,2.5,170,244
2026-07,C-0736,2026-07-18,461,20,0,3,204,237
2026-07,C-0737,2026-07-01,322,80,0,1.5,102,140
2026-07,C-0738,2026-07-09,394,80,0,2,136,178
2026-07,C-0739,2026-07-04,879,230,0,4,272,377
2026-07,C-0740,2026-07-06,407,90,0,2,136,181
2026-07,C-0741,2026-07-14,656,170,0,3,204,282
2026-07,C-0742,2026-07-03,461,20,0,3,204,237
2026-07,C-0743,2026-07-25,506,110,0,2.5,170,226
2026-07,C-0744,2026-07-11,301,120,0,1,68,113
2026-07,C-0745,2026-07-06,342,40,0,2,136,166
2026-07,C-0746,2026-07-04,381,70,0,2,136,175
2026-07,C-0747,2026-07-10,550,200,0,2,136,214
2026-07,C-0748,2026-07-11,519,120,0,2.5,170,229
2026-07,C-0749,2026-07-11,288,110,0,1,68,110
2026-07,C-0750,2026-07-21,361,110,0,1.5,102,149
2026-07,C-0751,2026-07-05,708,210,0,3,204,294
2026-07,C-0752,2026-07-04,322,80,0,1.5,102,140
2026-07,C-0753,2026-07-08,459,130,0,2,136,193
2026-07,C-0754,2026-07-27,184,30,0,1,68,86
2026-08,MC-01,2026-08-01,3200,60,0,18,1224,1916
2026-08,MC-02,2026-08-01,1800,40,0,10,680,1080
2026-08,MC-03,2026-08-01,4200,90,0,24,1632,2478
2026-08,MC-04,2026-08-01,3600,80,0,20,1360,2160
2026-08,MC-05,2026-08-01,1600,30,0,9,612,958
2026-08,MC-06,2026-08-01,2400,50,0,14,952,1398
2026-08,MC-07,2026-08-01,3900,110,0,22,1496,2294
2026-08,MC-08,2026-08-01,2200,40,0,12,816,1344
2026-08,MC-09,2026-08-01,2800,60,0,16,1088,1652
2026-08,MC-10,2026-08-01,3400,70,0,19,1292,2038
2026-08,MC-11,2026-08-01,4100,100,0,23,1564,2436
2026-08,MC-12,2026-08-01,2600,50,0,15,1020,1530
2026-08,MC-13,2026-08-01,1700,30,0,9,612,1058
2026-08,MC-14,2026-08-01,3000,70,0,17,1156,1774
2026-08,J-2588,2026-08-07,38500,15600,4800,92,6256,11844
2026-08,J-2591,2026-08-14,21300,8100,0,70,4760,8440
2026-08,J-2594,2026-08-19,16800,6700,1200,44,2992,5908
2026-08,J-2597,2026-08-24,19600,9400,2200,36,2448,5552
2026-08,J-2599,2026-08-28,13400,3900,1100,48,3264,5136
2026-08,C-0801,2026-08-24,853,210,0,4,272,371
2026-08,C-0802,2026-08-19,368,60,0,2,136,172
2026-08,C-0803,2026-08-01,322,80,0,1.5,102,140
2026-08,C-0804,2026-08-06,327,140,0,1,68,119
2026-08,C-0805,2026-08-26,493,100,0,2.5,170,223
2026-08,C-0806,2026-08-11,552,90,0,3,204,258
2026-08,C-0807,2026-08-13,171,20,0,1,68,83
2026-08,C-0808,2026-08-03,695,200,0,3,204,291
2026-08,C-0809,2026-08-21,788,160,0,4,272,356
2026-08,C-0810,2026-08-08,342,40,0,2,136,166
2026-08,C-0811,2026-08-03,474,30,0,3,204,240
2026-08,C-0812,2026-08-27,708,210,0,3,204,294
2026-08,C-0813,2026-08-12,381,70,0,2,136,175
2026-08,C-0814,2026-08-05,695,200,0,3,204,291
2026-08,C-0815,2026-08-09,539,80,0,3,204,255
2026-08,C-0816,2026-08-22,840,200,0,4,272,368
2026-08,C-0817,2026-08-17,866,220,0,4,272,374
2026-08,C-0818,2026-08-19,604,130,0,3,204,270
2026-08,C-0819,2026-08-11,524,180,0,2,136,208
2026-08,C-0820,2026-08-26,658,60,0,4,272,326
2026-08,C-0821,2026-08-18,511,170,0,2,136,205
2026-08,C-0822,2026-08-25,433,110,0,2,136,187
2026-08,C-0823,2026-08-13,439,170,0,1.5,102,167
2026-08,C-0824,2026-08-22,617,140,0,3,204,273
2026-08,C-0825,2026-08-22,478,200,0,1.5,102,176
2026-08,C-0826,2026-08-14,682,190,0,3,204,288
2026-08,C-0827,2026-08-03,571,160,0,2.5,170,241
2026-08,C-0828,2026-08-22,493,100,0,2.5,170,223
2026-08,C-0829,2026-08-27,669,180,0,3,204,285
2026-08,C-0830,2026-08-11,467,80,0,2.5,170,217
2026-08,C-0831,2026-08-24,537,190,0,2,136,211
2026-08,C-0832,2026-08-11,623,200,0,2.5,170,253
2026-08,C-0833,2026-08-03,472,140,0,2,136,196
2026-08,C-0834,2026-08-15,517,230,0,1.5,102,185
2026-08,C-0835,2026-08-05,526,70,0,3,204,252
2026-08,C-0836,2026-08-12,658,60,0,4,272,326
2026-08,C-0837,2026-08-11,420,100,0,2,136,184
2026-08,C-0838,2026-08-25,656,170,0,3,204,282
2026-08,C-0839,2026-08-25,446,120,0,2,136,190
2026-08,C-0840,2026-08-28,441,60,0,2.5,170,211
2026-08,C-0841,2026-08-15,402,30,0,2.5,170,202
2026-08,C-0842,2026-08-23,710,100,0,4,272,338
2026-08,C-0843,2026-08-08,355,50,0,2,136,169
2026-08,C-0844,2026-08-04,335,90,0,1.5,102,143
2026-08,C-0845,2026-08-14,301,120,0,1,68,113
2026-08,C-0846,2026-08-12,734,230,0,3,204,300
2026-08,C-0847,2026-08-08,270,40,0,1.5,102,128
2026-08,C-0848,2026-08-16,394,80,0,2,136,178
2026-08,C-0849,2026-08-28,288,110,0,1,68,110
2026-08,C-0850,2026-08-01,314,130,0,1,68,116
2026-08,C-0851,2026-08-10,340,150,0,1,68,122
2026-08,C-0852,2026-08-03,262,90,0,1,68,104
2026-08,C-0853,2026-08-24,643,160,0,3,204,279
2026-08,C-0854,2026-08-04,210,50,0,1,68,92
2026-08,C-0855,2026-08-06,526,70,0,3,204,252
2026-08,C-0856,2026-08-22,270,40,0,1.5,102,128
2026-08,C-0857,2026-08-23,342,40,0,2,136,166
2026-08,C-0858,2026-08-22,355,50,0,2,136,169
2026-09,MC-01,2026-09-01,3200,60,0,18,1224,1916
2026-09,MC-02,2026-09-01,1800,40,0,10,680,1080
2026-09,MC-03,2026-09-01,4200,90,0,24,1632,2478
2026-09,MC-04,2026-09-01,3600,80,0,20,1360,2160
2026-09,MC-05,2026-09-01,1600,30,0,9,612,958
2026-09,MC-06,2026-09-01,2400,50,0,14,952,1398
2026-09,MC-07,2026-09-01,3900,110,0,22,1496,2294
2026-09,MC-08,2026-09-01,2200,40,0,12,816,1344
2026-09,MC-09,2026-09-01,2800,60,0,16,1088,1652
2026-09,MC-10,2026-09-01,3400,70,0,19,1292,2038
2026-09,MC-11,2026-09-01,4100,100,0,23,1564,2436
2026-09,MC-12,2026-09-01,2600,50,0,15,1020,1530
2026-09,MC-13,2026-09-01,1700,30,0,9,612,1058
2026-09,MC-14,2026-09-01,3000,70,0,17,1156,1774
2026-09,J-2604,2026-09-04,46800,22900,7400,150,10200,6300
2026-09,J-2607,2026-09-09,18600,6900,0,64,4352,7348
2026-09,J-2611,2026-09-15,27400,13800,3100,46,3128,7372
2026-09,J-2615,2026-09-18,12900,5100,900,38,2584,4316
2026-09,J-2618,2026-09-23,9800,3600,0,26,1768,4432
2026-09,J-2620,2026-09-29,15200,4300,1800,52,3536,5564
2026-09,C-0901,2026-09-08,589,230,0,2,136,223
2026-09,C-0902,2026-09-15,604,130,0,3,204,270
2026-09,C-0903,2026-09-11,565,100,0,3,204,261
2026-09,C-0904,2026-09-12,472,140,0,2,136,196
2026-09,C-0905,2026-09-26,472,140,0,2,136,196
2026-09,C-0906,2026-09-10,454,70,0,2.5,170,214
2026-09,C-0907,2026-09-15,734,230,0,3,204,300
2026-09,C-0908,2026-09-02,444,230,0,1,68,146
2026-09,C-0909,2026-09-22,762,140,0,4,272,350
2026-09,C-0910,2026-09-17,539,80,0,3,204,255
2026-09,C-0911,2026-09-24,526,70,0,3,204,252
2026-09,C-0912,2026-09-17,413,150,0,1.5,102,161
2026-09,C-0913,2026-09-04,775,150,0,4,272,353
2026-09,C-0914,2026-09-04,348,100,0,1.5,102,146
2026-09,C-0915,2026-09-15,775,150,0,4,272,353
2026-09,C-0916,2026-09-01,368,60,0,2,136,172
2026-09,C-0917,2026-09-08,526,70,0,3,204,252
2026-09,C-0918,2026-09-06,467,80,0,2.5,170,217
2026-09,C-0919,2026-09-23,589,230,0,2,136,223
2026-09,C-0920,2026-09-24,342,40,0,2,136,166
2026-09,C-0921,2026-09-25,461,20,0,3,204,237
2026-09,C-0922,2026-09-17,441,60,0,2.5,170,211
2026-09,C-0923,2026-09-22,749,130,0,4,272,347
2026-09,C-0924,2026-09-28,801,170,0,4,272,359
2026-09,C-0925,2026-09-26,322,80,0,1.5,102,140
2026-09,C-0926,2026-09-26,374,120,0,1.5,102,152
2026-09,C-0927,2026-09-04,550,200,0,2,136,214
2026-09,C-0928,2026-09-25,563,210,0,2,136,217
2026-09,C-0929,2026-09-28,606,20,0,4,272,314
2026-09,C-0930,2026-09-13,643,160,0,3,204,279
2026-09,C-0931,2026-09-13,342,40,0,2,136,166
2026-09,C-0932,2026-09-21,597,180,0,2.5,170,247
2026-09,C-0933,2026-09-08,452,180,0,1.5,102,170
2026-09,C-0934,2026-09-02,441,60,0,2.5,170,211
2026-09,C-0935,2026-09-05,316,20,0,2,136,160
2026-09,C-0936,2026-09-13,335,90,0,1.5,102,143
2026-09,C-0937,2026-09-18,322,80,0,1.5,102,140
2026-09,C-0938,2026-09-23,381,70,0,2,136,175
2026-09,C-0939,2026-09-23,262,90,0,1,68,104
2026-09,C-0940,2026-09-01,623,200,0,2.5,170,253
2026-09,C-0941,2026-09-18,288,110,0,1,68,110
2026-09,C-0942,2026-09-13,552,90,0,3,204,258
2026-09,C-0943,2026-09-16,270,40,0,1.5,102,128
2026-09,C-0944,2026-09-21,684,80,0,4,272,332
2026-09,C-0945,2026-09-17,645,50,0,4,272,323
2026-09,C-0946,2026-09-08,565,100,0,3,204,261
2026-09,C-0947,2026-09-01,441,60,0,2.5,170,211
2026-09,C-0948,2026-09-16,327,140,0,1,68,119
2026-09,C-0949,2026-09-27,550,200,0,2,136,214
2026-09,C-0950,2026-09-28,517,230,0,1.5,102,185
2026-09,C-0951,2026-09-22,643,160,0,3,204,279
2026-09,C-0952,2026-09-22,420,100,0,2,136,184
2026-09,C-0953,2026-09-02,309,70,0,1.5,102,137
2026-09,C-0954,2026-09-06,446,120,0,2,136,190
2026-09,C-0955,2026-09-14,171,20,0,1,68,83
2026-09,C-0956,2026-09-10,736,120,0,4,272,344
2026-09,C-0957,2026-09-27,550,200,0,2,136,214
2026-09,C-0958,2026-09-17,322,80,0,1.5,102,140
2026-09,C-0959,2026-09-27,348,100,0,1.5,102,146
2026-09,C-0960,2026-09-19,381,70,0,2,136,175
2026-09,C-0961,2026-09-19,301,120,0,1,68,113
2026-09,C-0962,2026-09-16,335,90,0,1.5,102,143
2026-09,C-0963,2026-09-15,532,130,0,2.5,170,232
2026-09,C-0964,2026-09-05,459,130,0,2,136,193
