month_key,engagement_id,hours,revenue,billed,contractors,consultant_time_cost,contribution,wip_closing
2026-08,E-311,180,31500,0,4200,10800,16500,43500
2026-08,E-314,60,11400,0,0,3600,7800,11400
2026-08,E-316,88,15840,15840,0,5280,10560,0
2026-08,E-320,100,17000,0,1800,6000,9200,23000
2026-08,R-102,56,9500,9500,0,3360,6140,0
2026-08,R-105,42,6800,6800,0,2520,4280,0
2026-08,R-108,68,12000,12000,0,4080,7920,0
2026-08,R-110,34,4200,4200,0,2040,2160,0
2026-08,T-205,20,6400,6400,900,1200,4300,0
2026-09,E-311,210,36750,30000,4800,12600,19350,50250
2026-09,E-314,96,18240,0,0,5760,12480,29640
2026-09,E-318,64,10560,10560,0,3840,6720,0
2026-09,E-320,120,20400,24000,2200,7200,11000,19400
2026-09,R-102,58,9500,9500,0,3480,6020,0
2026-09,R-105,44,6800,6800,0,2640,4160,0
2026-09,R-108,70,12000,12000,0,4200,7800,0
2026-09,R-110,36,4200,4200,0,2160,2040,0
2026-09,T-207,30,8800,8800,1500,1800,5500,0
2026-09,T-209,14,4600,4600,0,840,3760,0
