date_key,org_id,account_id,amount,job_id,engagement_id,grant_id
20260801,trades,1,3200,MC-01,,
20260801,trades,5,-60,MC-01,,
20260801,trades,1,1800,MC-02,,
20260801,trades,5,-40,MC-02,,
20260801,trades,1,4200,MC-03,,
20260801,trades,5,-90,MC-03,,
20260801,trades,1,3600,MC-04,,
20260801,trades,5,-80,MC-04,,
20260801,trades,1,1600,MC-05,,
20260801,trades,5,-30,MC-05,,
20260801,trades,1,2400,MC-06,,
20260801,trades,5,-50,MC-06,,
20260801,trades,1,3900,MC-07,,
20260801,trades,5,-110,MC-07,,
20260801,trades,1,2200,MC-08,,
20260801,trades,5,-40,MC-08,,
20260801,trades,1,2800,MC-09,,
20260801,trades,5,-60,MC-09,,
20260801,trades,1,3400,MC-10,,
20260801,trades,5,-70,MC-10,,
20260801,trades,1,4100,MC-11,,
20260801,trades,5,-100,MC-11,,
20260801,trades,1,2600,MC-12,,
20260801,trades,5,-50,MC-12,,
20260801,trades,1,1700,MC-13,,
20260801,trades,5,-30,MC-13,,
20260801,trades,1,3000,MC-14,,
20260801,trades,5,-70,MC-14,,
20260807,trades,2,38500,J-2588,,
20260807,trades,5,-15600,J-2588,,
20260807,trades,6,-4800,J-2588,,
20260814,trades,2,21300,J-2591,,
20260814,trades,5,-8100,J-2591,,
20260819,trades,2,16800,J-2594,,
20260819,trades,5,-6700,J-2594,,
20260819,trades,6,-1200,J-2594,,
20260824,trades,2,19600,J-2597,,
20260824,trades,5,-9400,J-2597,,
20260824,trades,6,-2200,J-2597,,
20260828,trades,2,13400,J-2599,,
20260828,trades,5,-3900,J-2599,,
20260828,trades,6,-1100,J-2599,,
20260824,trades,3,853,C-0801,,
20260824,trades,5,-210,C-0801,,
20260819,trades,3,368,C-0802,,
20260819,trades,5,-60,C-0802,,
20260801,trades,3,322,C-0803,,
20260801,trades,5,-80,C-0803,,
20260806,trades,3,327,C-0804,,
20260806,trades,5,-140,C-0804,,
20260826,trades,3,493,C-0805,,
20260826,trades,5,-100,C-0805,,
20260811,trades,3,552,C-0806,,
20260811,trades,5,-90,C-0806,,
20260813,trades,3,171,C-0807,,
20260813,trades,5,-20,C-0807,,
20260803,trades,3,695,C-0808,,
20260803,trades,5,-200,C-0808,,
20260821,trades,3,788,C-0809,,
20260821,trades,5,-160,C-0809,,
20260808,trades,3,342,C-0810,,
20260808,trades,5,-40,C-0810,,
20260803,trades,3,474,C-0811,,
20260803,trades,5,-30,C-0811,,
20260827,trades,3,708,C-0812,,
20260827,trades,5,-210,C-0812,,
20260812,trades,3,381,C-0813,,
20260812,trades,5,-70,C-0813,,
20260805,trades,3,695,C-0814,,
20260805,trades,5,-200,C-0814,,
20260809,trades,3,539,C-0815,,
20260809,trades,5,-80,C-0815,,
20260822,trades,3,840,C-0816,,
20260822,trades,5,-200,C-0816,,
20260817,trades,3,866,C-0817,,
20260817,trades,5,-220,C-0817,,
20260819,trades,3,604,C-0818,,
20260819,trades,5,-130,C-0818,,
20260811,trades,3,524,C-0819,,
20260811,trades,5,-180,C-0819,,
20260826,trades,3,658,C-0820,,
20260826,trades,5,-60,C-0820,,
20260818,trades,3,511,C-0821,,
20260818,trades,5,-170,C-0821,,
20260825,trades,3,433,C-0822,,
20260825,trades,5,-110,C-0822,,
20260813,trades,3,439,C-0823,,
20260813,trades,5,-170,C-0823,,
20260822,trades,3,617,C-0824,,
20260822,trades,5,-140,C-0824,,
20260822,trades,3,478,C-0825,,
20260822,trades,5,-200,C-0825,,
20260814,trades,3,682,C-0826,,
20260814,trades,5,-190,C-0826,,
20260803,trades,3,571,C-0827,,
20260803,trades,5,-160,C-0827,,
20260822,trades,3,493,C-0828,,
20260822,trades,5,-100,C-0828,,
20260827,trades,3,669,C-0829,,
20260827,trades,5,-180,C-0829,,
20260811,trades,3,467,C-0830,,
20260811,trades,5,-80,C-0830,,
20260824,trades,3,537,C-0831,,
20260824,trades,5,-190,C-0831,,
20260811,trades,3,623,C-0832,,
20260811,trades,5,-200,C-0832,,
20260803,trades,3,472,C-0833,,
20260803,trades,5,-140,C-0833,,
20260815,trades,3,517,C-0834,,
20260815,trades,5,-230,C-0834,,
20260805,trades,3,526,C-0835,,
20260805,trades,5,-70,C-0835,,
20260812,trades,3,658,C-0836,,
20260812,trades,5,-60,C-0836,,
20260811,trades,3,420,C-0837,,
20260811,trades,5,-100,C-0837,,
20260825,trades,3,656,C-0838,,
20260825,trades,5,-170,C-0838,,
20260825,trades,3,446,C-0839,,
20260825,trades,5,-120,C-0839,,
20260828,trades,3,441,C-0840,,
20260828,trades,5,-60,C-0840,,
20260815,trades,3,402,C-0841,,
20260815,trades,5,-30,C-0841,,
20260823,trades,3,710,C-0842,,
20260823,trades,5,-100,C-0842,,
20260808,trades,3,355,C-0843,,
20260808,trades,5,-50,C-0843,,
20260804,trades,3,335,C-0844,,
20260804,trades,5,-90,C-0844,,
20260814,trades,3,301,C-0845,,
20260814,trades,5,-120,C-0845,,
20260812,trades,3,734,C-0846,,
20260812,trades,5,-230,C-0846,,
20260808,trades,3,270,C-0847,,
20260808,trades,5,-40,C-0847,,
20260816,trades,3,394,C-0848,,
20260816,trades,5,-80,C-0848,,
20260828,trades,3,288,C-0849,,
20260828,trades,5,-110,C-0849,,
20260801,trades,3,314,C-0850,,
20260801,trades,5,-130,C-0850,,
20260810,trades,3,340,C-0851,,
20260810,trades,5,-150,C-0851,,
20260803,trades,3,262,C-0852,,
20260803,trades,5,-90,C-0852,,
20260824,trades,3,643,C-0853,,
20260824,trades,5,-160,C-0853,,
20260804,trades,3,210,C-0854,,
20260804,trades,5,-50,C-0854,,
20260806,trades,3,526,C-0855,,
20260806,trades,5,-70,C-0855,,
20260822,trades,3,270,C-0856,,
20260822,trades,5,-40,C-0856,,
20260823,trades,3,342,C-0857,,
20260823,trades,5,-40,C-0857,,
20260822,trades,3,355,C-0858,,
20260822,trades,5,-50,C-0858,,
20260901,trades,1,3200,MC-01,,
20260901,trades,5,-60,MC-01,,
20260901,trades,1,1800,MC-02,,
20260901,trades,5,-40,MC-02,,
20260901,trades,1,4200,MC-03,,
20260901,trades,5,-90,MC-03,,
20260901,trades,1,3600,MC-04,,
20260901,trades,5,-80,MC-04,,
20260901,trades,1,1600,MC-05,,
20260901,trades,5,-30,MC-05,,
20260901,trades,1,2400,MC-06,,
20260901,trades,5,-50,MC-06,,
20260901,trades,1,3900,MC-07,,
20260901,trades,5,-110,MC-07,,
20260901,trades,1,2200,MC-08,,
20260901,trades,5,-40,MC-08,,
20260901,trades,1,2800,MC-09,,
20260901,trades,5,-60,MC-09,,
20260901,trades,1,3400,MC-10,,
20260901,trades,5,-70,MC-10,,
20260901,trades,1,4100,MC-11,,
20260901,trades,5,-100,MC-11,,
20260901,trades,1,2600,MC-12,,
20260901,trades,5,-50,MC-12,,
20260901,trades,1,1700,MC-13,,
20260901,trades,5,-30,MC-13,,
20260901,trades,1,3000,MC-14,,
20260901,trades,5,-70,MC-14,,
20260904,trades,2,46800,J-2604,,
20260904,trades,5,-22900,J-2604,,
20260904,trades,6,-7400,J-2604,,
20260909,trades,2,18600,J-2607,,
20260909,trades,5,-6900,J-2607,,
20260915,trades,2,27400,J-2611,,
20260915,trades,5,-13800,J-2611,,
20260915,trades,6,-3100,J-2611,,
20260918,trades,2,12900,J-2615,,
20260918,trades,5,-5100,J-2615,,
20260918,trades,6,-900,J-2615,,
20260923,trades,2,9800,J-2618,,
20260923,trades,5,-3600,J-2618,,
20260929,trades,2,15200,J-2620,,
20260929,trades,5,-4300,J-2620,,
20260929,trades,6,-1800,J-2620,,
20260908,trades,3,589,C-0901,,
20260908,trades,5,-230,C-0901,,
20260915,trades,3,604,C-0902,,
20260915,trades,5,-130,C-0902,,
20260911,trades,3,565,C-0903,,
20260911,trades,5,-100,C-0903,,
20260912,trades,3,472,C-0904,,
20260912,trades,5,-140,C-0904,,
20260926,trades,3,472,C-0905,,
20260926,trades,5,-140,C-0905,,
20260910,trades,3,454,C-0906,,
20260910,trades,5,-70,C-0906,,
20260915,trades,3,734,C-0907,,
20260915,trades,5,-230,C-0907,,
20260902,trades,3,444,C-0908,,
20260902,trades,5,-230,C-0908,,
20260922,trades,3,762,C-0909,,
20260922,trades,5,-140,C-0909,,
20260917,trades,3,539,C-0910,,
20260917,trades,5,-80,C-0910,,
20260924,trades,3,526,C-0911,,
20260924,trades,5,-70,C-0911,,
20260917,trades,3,413,C-0912,,
20260917,trades,5,-150,C-0912,,
20260904,trades,3,775,C-0913,,
20260904,trades,5,-150,C-0913,,
20260904,trades,3,348,C-0914,,
20260904,trades,5,-100,C-0914,,
20260915,trades,3,775,C-0915,,
20260915,trades,5,-150,C-0915,,
20260901,trades,3,368,C-0916,,
20260901,trades,5,-60,C-0916,,
20260908,trades,3,526,C-0917,,
20260908,trades,5,-70,C-0917,,
20260906,trades,3,467,C-0918,,
20260906,trades,5,-80,C-0918,,
20260923,trades,3,589,C-0919,,
20260923,trades,5,-230,C-0919,,
20260924,trades,3,342,C-0920,,
20260924,trades,5,-40,C-0920,,
20260925,trades,3,461,C-0921,,
20260925,trades,5,-20,C-0921,,
20260917,trades,3,441,C-0922,,
20260917,trades,5,-60,C-0922,,
20260922,trades,3,749,C-0923,,
20260922,trades,5,-130,C-0923,,
20260928,trades,3,801,C-0924,,
20260928,trades,5,-170,C-0924,,
20260926,trades,3,322,C-0925,,
20260926,trades,5,-80,C-0925,,
20260926,trades,3,374,C-0926,,
20260926,trades,5,-120,C-0926,,
20260904,trades,3,550,C-0927,,
20260904,trades,5,-200,C-0927,,
20260925,trades,3,563,C-0928,,
20260925,trades,5,-210,C-0928,,
20260928,trades,3,606,C-0929,,
20260928,trades,5,-20,C-0929,,
20260913,trades,3,643,C-0930,,
20260913,trades,5,-160,C-0930,,
20260913,trades,3,342,C-0931,,
20260913,trades,5,-40,C-0931,,
20260921,trades,3,597,C-0932,,
20260921,trades,5,-180,C-0932,,
20260908,trades,3,452,C-0933,,
20260908,trades,5,-180,C-0933,,
20260902,trades,3,441,C-0934,,
20260902,trades,5,-60,C-0934,,
20260905,trades,3,316,C-0935,,
20260905,trades,5,-20,C-0935,,
20260913,trades,3,335,C-0936,,
20260913,trades,5,-90,C-0936,,
20260918,trades,3,322,C-0937,,
20260918,trades,5,-80,C-0937,,
20260923,trades,3,381,C-0938,,
20260923,trades,5,-70,C-0938,,
20260923,trades,3,262,C-0939,,
20260923,trades,5,-90,C-0939,,
20260901,trades,3,623,C-0940,,
20260901,trades,5,-200,C-0940,,
20260918,trades,3,288,C-0941,,
20260918,trades,5,-110,C-0941,,
20260913,trades,3,552,C-0942,,
20260913,trades,5,-90,C-0942,,
20260916,trades,3,270,C-0943,,
20260916,trades,5,-40,C-0943,,
20260921,trades,3,684,C-0944,,
20260921,trades,5,-80,C-0944,,
20260917,trades,3,645,C-0945,,
20260917,trades,5,-50,C-0945,,
20260908,trades,3,565,C-0946,,
20260908,trades,5,-100,C-0946,,
20260901,trades,3,441,C-0947,,
20260901,trades,5,-60,C-0947,,
20260916,trades,3,327,C-0948,,
20260916,trades,5,-140,C-0948,,
20260927,trades,3,550,C-0949,,
20260927,trades,5,-200,C-0949,,
20260928,trades,3,517,C-0950,,
20260928,trades,5,-230,C-0950,,
20260922,trades,3,643,C-0951,,
20260922,trades,5,-160,C-0951,,
20260922,trades,3,420,C-0952,,
20260922,trades,5,-100,C-0952,,
20260902,trades,3,309,C-0953,,
20260902,trades,5,-70,C-0953,,
20260906,trades,3,446,C-0954,,
20260906,trades,5,-120,C-0954,,
20260914,trades,3,171,C-0955,,
20260914,trades,5,-20,C-0955,,
20260910,trades,3,736,C-0956,,
20260910,trades,5,-120,C-0956,,
20260927,trades,3,550,C-0957,,
20260927,trades,5,-200,C-0957,,
20260917,trades,3,322,C-0958,,
20260917,trades,5,-80,C-0958,,
20260927,trades,3,348,C-0959,,
20260927,trades,5,-100,C-0959,,
20260919,trades,3,381,C-0960,,
20260919,trades,5,-70,C-0960,,
20260919,trades,3,301,C-0961,,
20260919,trades,5,-120,C-0961,,
20260916,trades,3,335,C-0962,,
20260916,trades,5,-90,C-0962,,
20260915,trades,3,532,C-0963,,
20260915,trades,5,-130,C-0963,,
20260905,trades,3,459,C-0964,,
20260905,trades,5,-130,C-0964,,
20260803,services,54,1575,,E-311,
20260804,services,54,1575,,E-311,
20260805,services,54,1575,,E-311,
20260806,services,54,1575,,E-311,
20260807,services,54,1575,,E-311,
20260810,services,54,1575,,E-311,
20260811,services,54,1575,,E-311,
20260813,services,54,1575,,E-311,
20260814,services,54,1575,,E-311,
20260817,services,54,1575,,E-311,
20260818,services,54,1575,,E-311,
20260819,services,54,1575,,E-311,
20260820,services,54,1575,,E-311,
20260821,services,54,1575,,E-311,
20260824,services,54,1575,,E-311,
20260825,services,54,1575,,E-311,
20260826,services,54,1575,,E-311,
20260827,services,54,1575,,E-311,
20260828,services,54,1575,,E-311,
20260831,services,54,1575,,E-311,
20260831,services,59,-4200,,E-311,
20260803,services,54,570,,E-314,
20260804,services,54,570,,E-314,
20260805,services,54,570,,E-314,
20260806,services,54,570,,E-314,
20260807,services,54,570,,E-314,
20260810,services,54,570,,E-314,
20260811,services,54,570,,E-314,
20260813,services,54,570,,E-314,
20260814,services,54,570,,E-314,
20260817,services,54,570,,E-314,
20260818,services,54,570,,E-314,
20260819,services,54,570,,E-314,
20260820,services,54,570,,E-314,
20260821,services,54,570,,E-314,
20260824,services,54,570,,E-314,
20260825,services,54,570,,E-314,
20260826,services,54,570,,E-314,
20260827,services,54,570,,E-314,
20260828,services,54,570,,E-314,
20260831,services,54,570,,E-314,
20260803,services,54,810,,E-316,
20260804,services,54,810,,E-316,
20260805,services,54,810,,E-316,
20260806,services,54,810,,E-316,
20260807,services,54,810,,E-316,
20260810,services,54,810,,E-316,
20260811,services,54,810,,E-316,
20260813,services,54,810,,E-316,
20260814,services,54,810,,E-316,
20260817,services,54,810,,E-316,
20260818,services,54,810,,E-316,
20260819,services,54,810,,E-316,
20260820,services,54,810,,E-316,
20260821,services,54,810,,E-316,
20260824,services,54,810,,E-316,
20260825,services,54,810,,E-316,
20260826,services,54,720,,E-316,
20260827,services,54,720,,E-316,
20260828,services,54,720,,E-316,
20260831,services,54,720,,E-316,
20260803,services,54,850,,E-320,
20260804,services,54,850,,E-320,
20260805,services,54,850,,E-320,
20260806,services,54,850,,E-320,
20260807,services,54,850,,E-320,
20260810,services,54,850,,E-320,
20260811,services,54,850,,E-320,
20260813,services,54,850,,E-320,
20260814,services,54,850,,E-320,
20260817,services,54,850,,E-320,
20260818,services,54,850,,E-320,
20260819,services,54,850,,E-320,
20260820,services,54,850,,E-320,
20260821,services,54,850,,E-320,
20260824,services,54,850,,E-320,
20260825,services,54,850,,E-320,
20260826,services,54,850,,E-320,
20260827,services,54,850,,E-320,
20260828,services,54,850,,E-320,
20260831,services,54,850,,E-320,
20260831,services,59,-1800,,E-320,
20260801,services,55,9500,,R-102,
20260801,services,55,6800,,R-105,
20260801,services,55,12000,,R-108,
20260801,services,55,4200,,R-110,
20260825,services,56,6400,,T-205,
20260831,services,59,-900,,T-205,
20260901,services,54,1750,,E-311,
20260902,services,54,1750,,E-311,
20260903,services,54,1663,,E-311,
20260904,services,54,1663,,E-311,
20260907,services,54,1663,,E-311,
20260908,services,54,1663,,E-311,
20260909,services,54,1663,,E-311,
20260910,services,54,1663,,E-311,
20260911,services,54,1663,,E-311,
20260914,services,54,1663,,E-311,
20260915,services,54,1663,,E-311,
20260916,services,54,1663,,E-311,
20260917,services,54,1662,,E-311,
20260918,services,54,1662,,E-311,
20260921,services,54,1662,,E-311,
20260922,services,54,1662,,E-311,
20260923,services,54,1662,,E-311,
20260924,services,54,1662,,E-311,
20260925,services,54,1662,,E-311,
20260928,services,54,1662,,E-311,
20260929,services,54,1662,,E-311,
20260930,services,54,1662,,E-311,
20260930,services,59,-4800,,E-311,
20260901,services,54,855,,E-314,
20260902,services,54,855,,E-314,
20260903,services,54,855,,E-314,
20260904,services,54,855,,E-314,
20260907,services,54,855,,E-314,
20260908,services,54,855,,E-314,
20260909,services,54,855,,E-314,
20260910,services,54,855,,E-314,
20260911,services,54,855,,E-314,
20260914,services,54,855,,E-314,
20260915,services,54,855,,E-314,
20260916,services,54,855,,E-314,
20260917,services,54,855,,E-314,
20260918,services,54,855,,E-314,
20260921,services,54,855,,E-314,
20260922,services,54,855,,E-314,
20260923,services,54,760,,E-314,
20260924,services,54,760,,E-314,
20260925,services,54,760,,E-314,
20260928,services,54,760,,E-314,
20260929,services,54,760,,E-314,
20260930,services,54,760,,E-314,
20260901,services,54,495,,E-318,
20260902,services,54,495,,E-318,
20260903,services,54,495,,E-318,
20260904,services,54,495,,E-318,
20260907,services,54,495,,E-318,
20260908,services,54,495,,E-318,
20260909,services,54,495,,E-318,
20260910,services,54,495,,E-318,
20260911,services,54,495,,E-318,
20260914,services,54,495,,E-318,
20260915,services,54,495,,E-318,
20260916,services,54,495,,E-318,
20260917,services,54,495,,E-318,
20260918,services,54,495,,E-318,
20260921,services,54,495,,E-318,
20260922,services,54,495,,E-318,
20260923,services,54,495,,E-318,
20260924,services,54,495,,E-318,
20260925,services,54,413,,E-318,
20260928,services,54,413,,E-318,
20260929,services,54,412,,E-318,
20260930,services,54,412,,E-318,
20260901,services,54,935,,E-320,
20260902,services,54,935,,E-320,
20260903,services,54,935,,E-320,
20260904,services,54,935,,E-320,
20260907,services,54,935,,E-320,
20260908,services,54,935,,E-320,
20260909,services,54,935,,E-320,
20260910,services,54,935,,E-320,
20260911,services,54,935,,E-320,
20260914,services,54,935,,E-320,
20260915,services,54,935,,E-320,
20260916,services,54,935,,E-320,
20260917,services,54,935,,E-320,
20260918,services,54,935,,E-320,
20260921,services,54,935,,E-320,
20260922,services,54,935,,E-320,
20260923,services,54,935,,E-320,
20260924,services,54,935,,E-320,
20260925,services,54,935,,E-320,
20260928,services,54,935,,E-320,
20260929,services,54,850,,E-320,
20260930,services,54,850,,E-320,
20260930,services,59,-2200,,E-320,
20260901,services,55,9500,,R-102,
20260901,services,55,6800,,R-105,
20260901,services,55,12000,,R-108,
20260901,services,55,4200,,R-110,
20260908,services,56,8800,,T-207,
20260930,services,59,-1500,,T-207,
20260916,services,56,4600,,T-209,
20260803,nfp,106,1075,,,G-101
20260804,nfp,106,1075,,,G-101
20260805,nfp,106,1075,,,G-101
20260806,nfp,106,1075,,,G-101
20260807,nfp,106,1075,,,G-101
20260810,nfp,106,1075,,,G-101
20260811,nfp,106,1075,,,G-101
20260813,nfp,106,1075,,,G-101
20260814,nfp,106,1075,,,G-101
20260817,nfp,106,1075,,,G-101
20260818,nfp,106,1075,,,G-101
20260819,nfp,106,1075,,,G-101
20260820,nfp,106,1075,,,G-101
20260821,nfp,106,1075,,,G-101
20260824,nfp,106,1075,,,G-101
20260825,nfp,106,1075,,,G-101
20260826,nfp,106,1075,,,G-101
20260827,nfp,106,1075,,,G-101
20260828,nfp,106,1075,,,G-101
20260831,nfp,106,1075,,,G-101
20260901,nfp,106,1037,,,G-101
20260902,nfp,106,1037,,,G-101
20260903,nfp,106,1037,,,G-101
20260904,nfp,106,1037,,,G-101
20260907,nfp,106,1037,,,G-101
20260908,nfp,106,1037,,,G-101
20260909,nfp,106,1037,,,G-101
20260910,nfp,106,1037,,,G-101
20260911,nfp,106,1036,,,G-101
20260914,nfp,106,1036,,,G-101
20260915,nfp,106,1036,,,G-101
20260916,nfp,106,1036,,,G-101
20260917,nfp,106,1036,,,G-101
20260918,nfp,106,1036,,,G-101
20260921,nfp,106,1036,,,G-101
20260922,nfp,106,1036,,,G-101
20260923,nfp,106,1036,,,G-101
20260924,nfp,106,1036,,,G-101
20260925,nfp,106,1036,,,G-101
20260928,nfp,106,1036,,,G-101
20260929,nfp,106,1036,,,G-101
20260930,nfp,106,1036,,,G-101
20260803,nfp,107,1525,,,G-102
20260804,nfp,107,1525,,,G-102
20260805,nfp,107,1525,,,G-102
20260806,nfp,107,1525,,,G-102
20260807,nfp,107,1525,,,G-102
20260810,nfp,107,1525,,,G-102
20260811,nfp,107,1525,,,G-102
20260813,nfp,107,1525,,,G-102
20260814,nfp,107,1525,,,G-102
20260817,nfp,107,1525,,,G-102
20260818,nfp,107,1525,,,G-102
20260819,nfp,107,1525,,,G-102
20260820,nfp,107,1525,,,G-102
20260821,nfp,107,1525,,,G-102
20260824,nfp,107,1525,,,G-102
20260825,nfp,107,1525,,,G-102
20260826,nfp,107,1525,,,G-102
20260827,nfp,107,1525,,,G-102
20260828,nfp,107,1525,,,G-102
20260831,nfp,107,1525,,,G-102
20260901,nfp,107,1419,,,G-102
20260902,nfp,107,1419,,,G-102
20260903,nfp,107,1419,,,G-102
20260904,nfp,107,1419,,,G-102
20260907,nfp,107,1418,,,G-102
20260908,nfp,107,1418,,,G-102
20260909,nfp,107,1418,,,G-102
20260910,nfp,107,1418,,,G-102
20260911,nfp,107,1418,,,G-102
20260914,nfp,107,1418,,,G-102
20260915,nfp,107,1418,,,G-102
20260916,nfp,107,1418,,,G-102
20260917,nfp,107,1418,,,G-102
20260918,nfp,107,1418,,,G-102
20260921,nfp,107,1418,,,G-102
20260922,nfp,107,1418,,,G-102
20260923,nfp,107,1418,,,G-102
20260924,nfp,107,1418,,,G-102
20260925,nfp,107,1418,,,G-102
20260928,nfp,107,1418,,,G-102
20260929,nfp,107,1418,,,G-102
20260930,nfp,107,1418,,,G-102
20260803,nfp,108,205,,,G-103
20260804,nfp,108,205,,,G-103
20260805,nfp,108,205,,,G-103
20260806,nfp,108,205,,,G-103
20260807,nfp,108,205,,,G-103
20260810,nfp,108,205,,,G-103
20260811,nfp,108,205,,,G-103
20260813,nfp,108,205,,,G-103
20260814,nfp,108,205,,,G-103
20260817,nfp,108,205,,,G-103
20260818,nfp,108,205,,,G-103
20260819,nfp,108,205,,,G-103
20260820,nfp,108,205,,,G-103
20260821,nfp,108,205,,,G-103
20260824,nfp,108,205,,,G-103
20260825,nfp,108,205,,,G-103
20260826,nfp,108,205,,,G-103
20260827,nfp,108,205,,,G-103
20260828,nfp,108,205,,,G-103
20260831,nfp,108,205,,,G-103
20260901,nfp,108,196,,,G-103
20260902,nfp,108,196,,,G-103
20260903,nfp,108,196,,,G-103
20260904,nfp,108,196,,,G-103
20260907,nfp,108,196,,,G-103
20260908,nfp,108,196,,,G-103
20260909,nfp,108,196,,,G-103
20260910,nfp,108,196,,,G-103
20260911,nfp,108,196,,,G-103
20260914,nfp,108,196,,,G-103
20260915,nfp,108,195,,,G-103
20260916,nfp,108,195,,,G-103
20260917,nfp,108,195,,,G-103
20260918,nfp,108,195,,,G-103
20260921,nfp,108,195,,,G-103
20260922,nfp,108,195,,,G-103
20260923,nfp,108,195,,,G-103
20260924,nfp,108,195,,,G-103
20260925,nfp,108,195,,,G-103
20260928,nfp,108,195,,,G-103
20260929,nfp,108,195,,,G-103
20260930,nfp,108,195,,,G-103
20260803,nfp,109,260,,,G-104
20260804,nfp,109,260,,,G-104
20260805,nfp,109,260,,,G-104
20260806,nfp,109,260,,,G-104
20260807,nfp,109,260,,,G-104
20260810,nfp,109,260,,,G-104
20260811,nfp,109,260,,,G-104
20260813,nfp,109,260,,,G-104
20260814,nfp,109,260,,,G-104
20260817,nfp,109,260,,,G-104
20260818,nfp,109,260,,,G-104
20260819,nfp,109,260,,,G-104
20260820,nfp,109,260,,,G-104
20260821,nfp,109,260,,,G-104
20260824,nfp,109,260,,,G-104
20260825,nfp,109,260,,,G-104
20260826,nfp,109,260,,,G-104
20260827,nfp,109,260,,,G-104
20260828,nfp,109,260,,,G-104
20260831,nfp,109,260,,,G-104
20260901,nfp,109,223,,,G-104
20260902,nfp,109,223,,,G-104
20260903,nfp,109,223,,,G-104
20260904,nfp,109,223,,,G-104
20260907,nfp,109,223,,,G-104
20260908,nfp,109,223,,,G-104
20260909,nfp,109,223,,,G-104
20260910,nfp,109,223,,,G-104
20260911,nfp,109,223,,,G-104
20260914,nfp,109,223,,,G-104
20260915,nfp,109,223,,,G-104
20260916,nfp,109,223,,,G-104
20260917,nfp,109,223,,,G-104
20260918,nfp,109,223,,,G-104
20260921,nfp,109,223,,,G-104
20260922,nfp,109,223,,,G-104
20260923,nfp,109,222,,,G-104
20260924,nfp,109,222,,,G-104
20260925,nfp,109,222,,,G-104
20260928,nfp,109,222,,,G-104
20260929,nfp,109,222,,,G-104
20260930,nfp,109,222,,,G-104
20260803,nfp,110,470,,,G-105
20260804,nfp,110,470,,,G-105
20260805,nfp,110,470,,,G-105
20260806,nfp,110,470,,,G-105
20260807,nfp,110,470,,,G-105
20260810,nfp,110,470,,,G-105
20260811,nfp,110,470,,,G-105
20260813,nfp,110,470,,,G-105
20260814,nfp,110,470,,,G-105
20260817,nfp,110,470,,,G-105
20260818,nfp,110,470,,,G-105
20260819,nfp,110,470,,,G-105
20260820,nfp,110,470,,,G-105
20260821,nfp,110,470,,,G-105
20260824,nfp,110,470,,,G-105
20260825,nfp,110,470,,,G-105
20260826,nfp,110,470,,,G-105
20260827,nfp,110,470,,,G-105
20260828,nfp,110,470,,,G-105
20260831,nfp,110,470,,,G-105
20260901,nfp,110,491,,,G-105
20260902,nfp,110,491,,,G-105
20260903,nfp,110,491,,,G-105
20260904,nfp,110,491,,,G-105
20260907,nfp,110,491,,,G-105
20260908,nfp,110,491,,,G-105
20260909,nfp,110,491,,,G-105
20260910,nfp,110,491,,,G-105
20260911,nfp,110,491,,,G-105
20260914,nfp,110,491,,,G-105
20260915,nfp,110,491,,,G-105
20260916,nfp,110,491,,,G-105
20260917,nfp,110,491,,,G-105
20260918,nfp,110,491,,,G-105
20260921,nfp,110,491,,,G-105
20260922,nfp,110,491,,,G-105
20260923,nfp,110,491,,,G-105
20260924,nfp,110,491,,,G-105
20260925,nfp,110,491,,,G-105
20260928,nfp,110,491,,,G-105
20260929,nfp,110,490,,,G-105
20260930,nfp,110,490,,,G-105
20260803,nfp,111,150,,,G-106
20260804,nfp,111,150,,,G-106
20260805,nfp,111,150,,,G-106
20260806,nfp,111,150,,,G-106
20260807,nfp,111,150,,,G-106
20260810,nfp,111,150,,,G-106
20260811,nfp,111,150,,,G-106
20260813,nfp,111,150,,,G-106
20260814,nfp,111,150,,,G-106
20260817,nfp,111,150,,,G-106
20260818,nfp,111,150,,,G-106
20260819,nfp,111,150,,,G-106
20260820,nfp,111,150,,,G-106
20260821,nfp,111,150,,,G-106
20260824,nfp,111,150,,,G-106
20260825,nfp,111,150,,,G-106
20260826,nfp,111,150,,,G-106
20260827,nfp,111,150,,,G-106
20260828,nfp,111,150,,,G-106
20260831,nfp,111,150,,,G-106
20260901,nfp,111,137,,,G-106
20260902,nfp,111,137,,,G-106
20260903,nfp,111,137,,,G-106
20260904,nfp,111,137,,,G-106
20260907,nfp,111,137,,,G-106
20260908,nfp,111,137,,,G-106
20260909,nfp,111,137,,,G-106
20260910,nfp,111,137,,,G-106
20260911,nfp,111,136,,,G-106
20260914,nfp,111,136,,,G-106
20260915,nfp,111,136,,,G-106
20260916,nfp,111,136,,,G-106
20260917,nfp,111,136,,,G-106
20260918,nfp,111,136,,,G-106
20260921,nfp,111,136,,,G-106
20260922,nfp,111,136,,,G-106
20260923,nfp,111,136,,,G-106
20260924,nfp,111,136,,,G-106
20260925,nfp,111,136,,,G-106
20260928,nfp,111,136,,,G-106
20260929,nfp,111,136,,,G-106
20260930,nfp,111,136,,,G-106
20260901,trades,7,-2482,,,
20260902,trades,7,-2482,,,
20260903,trades,7,-2482,,,
20260904,trades,7,-2482,,,
20260907,trades,7,-2482,,,
20260908,trades,7,-2482,,,
20260909,trades,7,-2482,,,
20260910,trades,7,-2482,,,
20260911,trades,7,-2482,,,
20260914,trades,7,-2482,,,
20260915,trades,7,-2482,,,
20260916,trades,7,-2482,,,
20260917,trades,7,-2482,,,
20260918,trades,7,-2482,,,
20260921,trades,7,-2482,,,
20260922,trades,7,-2482,,,
20260923,trades,7,-2482,,,
20260924,trades,7,-2482,,,
20260925,trades,7,-2481,,,
20260928,trades,7,-2481,,,
20260929,trades,7,-2481,,,
20260930,trades,7,-2481,,,
20260803,trades,7,-2730,,,
20260804,trades,7,-2730,,,
20260805,trades,7,-2730,,,
20260806,trades,7,-2730,,,
20260807,trades,7,-2730,,,
20260810,trades,7,-2730,,,
20260811,trades,7,-2730,,,
20260813,trades,7,-2730,,,
20260814,trades,7,-2730,,,
20260817,trades,7,-2730,,,
20260818,trades,7,-2730,,,
20260819,trades,7,-2730,,,
20260820,trades,7,-2730,,,
20260821,trades,7,-2730,,,
20260824,trades,7,-2730,,,
20260825,trades,7,-2730,,,
20260826,trades,7,-2730,,,
20260827,trades,7,-2730,,,
20260828,trades,7,-2730,,,
20260831,trades,7,-2730,,,
20260901,trades,10,-996,,,
20260902,trades,10,-996,,,
20260903,trades,10,-996,,,
20260904,trades,10,-996,,,
20260907,trades,10,-996,,,
20260908,trades,10,-996,,,
20260909,trades,10,-996,,,
20260910,trades,10,-996,,,
20260911,trades,10,-996,,,
20260914,trades,10,-996,,,
20260915,trades,10,-995,,,
20260916,trades,10,-995,,,
20260917,trades,10,-995,,,
20260918,trades,10,-995,,,
20260921,trades,10,-995,,,
20260922,trades,10,-995,,,
20260923,trades,10,-995,,,
20260924,trades,10,-995,,,
20260925,trades,10,-995,,,
20260928,trades,10,-995,,,
20260929,trades,10,-995,,,
20260930,trades,10,-995,,,
20260803,trades,10,-1095,,,
20260804,trades,10,-1095,,,
20260805,trades,10,-1095,,,
20260806,trades,10,-1095,,,
20260807,trades,10,-1095,,,
20260810,trades,10,-1095,,,
20260811,trades,10,-1095,,,
20260813,trades,10,-1095,,,
20260814,trades,10,-1095,,,
20260817,trades,10,-1095,,,
20260818,trades,10,-1095,,,
20260819,trades,10,-1095,,,
20260820,trades,10,-1095,,,
20260821,trades,10,-1095,,,
20260824,trades,10,-1095,,,
20260825,trades,10,-1095,,,
20260826,trades,10,-1095,,,
20260827,trades,10,-1095,,,
20260828,trades,10,-1095,,,
20260831,trades,10,-1095,,,
20260901,trades,11,-346,,,
20260902,trades,11,-346,,,
20260903,trades,11,-346,,,
20260904,trades,11,-346,,,
20260907,trades,11,-346,,,
20260908,trades,11,-346,,,
20260909,trades,11,-346,,,
20260910,trades,11,-346,,,
20260911,trades,11,-346,,,
20260914,trades,11,-346,,,
20260915,trades,11,-345,,,
20260916,trades,11,-345,,,
20260917,trades,11,-345,,,
20260918,trades,11,-345,,,
20260921,trades,11,-345,,,
20260922,trades,11,-345,,,
20260923,trades,11,-345,,,
20260924,trades,11,-345,,,
20260925,trades,11,-345,,,
20260928,trades,11,-345,,,
20260929,trades,11,-345,,,
20260930,trades,11,-345,,,
20260803,trades,11,-420,,,
20260804,trades,11,-420,,,
20260805,trades,11,-420,,,
20260806,trades,11,-420,,,
20260807,trades,11,-420,,,
20260810,trades,11,-420,,,
20260811,trades,11,-420,,,
20260813,trades,11,-420,,,
20260814,trades,11,-420,,,
20260817,trades,11,-420,,,
20260818,trades,11,-420,,,
20260819,trades,11,-420,,,
20260820,trades,11,-420,,,
20260821,trades,11,-420,,,
20260824,trades,11,-420,,,
20260825,trades,11,-420,,,
20260826,trades,11,-420,,,
20260827,trades,11,-420,,,
20260828,trades,11,-420,,,
20260831,trades,11,-420,,,
20260901,trades,12,-378,,,
20260902,trades,12,-378,,,
20260903,trades,12,-378,,,
20260904,trades,12,-378,,,
20260907,trades,12,-378,,,
20260908,trades,12,-378,,,
20260909,trades,12,-377,,,
20260910,trades,12,-377,,,
20260911,trades,12,-377,,,
20260914,trades,12,-377,,,
20260915,trades,12,-377,,,
20260916,trades,12,-377,,,
20260917,trades,12,-377,,,
20260918,trades,12,-377,,,
20260921,trades,12,-377,,,
20260922,trades,12,-377,,,
20260923,trades,12,-377,,,
20260924,trades,12,-377,,,
20260925,trades,12,-377,,,
20260928,trades,12,-377,,,
20260929,trades,12,-377,,,
20260930,trades,12,-377,,,
20260803,trades,12,-395,,,
20260804,trades,12,-395,,,
20260805,trades,12,-395,,,
20260806,trades,12,-395,,,
20260807,trades,12,-395,,,
20260810,trades,12,-395,,,
20260811,trades,12,-395,,,
20260813,trades,12,-395,,,
20260814,trades,12,-395,,,
20260817,trades,12,-395,,,
20260818,trades,12,-395,,,
20260819,trades,12,-395,,,
20260820,trades,12,-395,,,
20260821,trades,12,-395,,,
20260824,trades,12,-395,,,
20260825,trades,12,-395,,,
20260826,trades,12,-395,,,
20260827,trades,12,-395,,,
20260828,trades,12,-395,,,
20260831,trades,12,-395,,,
20260901,trades,13,-7000,,,
20260801,trades,13,-7000,,,
20260901,trades,14,-3000,,,
20260801,trades,14,-3000,,,
20260901,trades,15,-2300,,,
20260801,trades,15,-2300,,,
20260901,trades,16,-178,,,
20260902,trades,16,-178,,,
20260903,trades,16,-178,,,
20260904,trades,16,-178,,,
20260907,trades,16,-178,,,
20260908,trades,16,-178,,,
20260909,trades,16,-177,,,
20260910,trades,16,-177,,,
20260911,trades,16,-177,,,
20260914,trades,16,-177,,,
20260915,trades,16,-177,,,
20260916,trades,16,-177,,,
20260917,trades,16,-177,,,
20260918,trades,16,-177,,,
20260921,trades,16,-177,,,
20260922,trades,16,-177,,,
20260923,trades,16,-177,,,
20260924,trades,16,-177,,,
20260925,trades,16,-177,,,
20260928,trades,16,-177,,,
20260929,trades,16,-177,,,
20260930,trades,16,-177,,,
20260803,trades,16,-180,,,
20260804,trades,16,-180,,,
20260805,trades,16,-180,,,
20260806,trades,16,-180,,,
20260807,trades,16,-180,,,
20260810,trades,16,-180,,,
20260811,trades,16,-180,,,
20260813,trades,16,-180,,,
20260814,trades,16,-180,,,
20260817,trades,16,-180,,,
20260818,trades,16,-180,,,
20260819,trades,16,-180,,,
20260820,trades,16,-180,,,
20260821,trades,16,-180,,,
20260824,trades,16,-180,,,
20260825,trades,16,-180,,,
20260826,trades,16,-180,,,
20260827,trades,16,-180,,,
20260828,trades,16,-180,,,
20260831,trades,16,-180,,,
20260930,trades,19,-4500,,,
20260831,trades,19,-4300,,,
20260930,trades,20,-1080,,,
20260831,trades,20,-1100,,,
20260930,trades,22,-2524,,,
20260831,trades,22,-1019,,,
20260901,services,58,-2114,,,
20260902,services,58,-2114,,,
20260903,services,58,-2114,,,
20260904,services,58,-2114,,,
20260907,services,58,-2114,,,
20260908,services,58,-2114,,,
20260909,services,58,-2114,,,
20260910,services,58,-2114,,,
20260911,services,58,-2114,,,
20260914,services,58,-2114,,,
20260915,services,58,-2114,,,
20260916,services,58,-2114,,,
20260917,services,58,-2114,,,
20260918,services,58,-2114,,,
20260921,services,58,-2113,,,
20260922,services,58,-2113,,,
20260923,services,58,-2113,,,
20260924,services,58,-2113,,,
20260925,services,58,-2113,,,
20260928,services,58,-2113,,,
20260929,services,58,-2113,,,
20260930,services,58,-2113,,,
20260803,services,58,-2325,,,
20260804,services,58,-2325,,,
20260805,services,58,-2325,,,
20260806,services,58,-2325,,,
20260807,services,58,-2325,,,
20260810,services,58,-2325,,,
20260811,services,58,-2325,,,
20260813,services,58,-2325,,,
20260814,services,58,-2325,,,
20260817,services,58,-2325,,,
20260818,services,58,-2325,,,
20260819,services,58,-2325,,,
20260820,services,58,-2325,,,
20260821,services,58,-2325,,,
20260824,services,58,-2325,,,
20260825,services,58,-2325,,,
20260826,services,58,-2325,,,
20260827,services,58,-2325,,,
20260828,services,58,-2325,,,
20260831,services,58,-2325,,,
20260901,services,62,-1091,,,
20260902,services,62,-1091,,,
20260903,services,62,-1091,,,
20260904,services,62,-1091,,,
20260907,services,62,-1091,,,
20260908,services,62,-1091,,,
20260909,services,62,-1091,,,
20260910,services,62,-1091,,,
20260911,services,62,-1091,,,
20260914,services,62,-1091,,,
20260915,services,62,-1091,,,
20260916,services,62,-1091,,,
20260917,services,62,-1091,,,
20260918,services,62,-1091,,,
20260921,services,62,-1091,,,
20260922,services,62,-1091,,,
20260923,services,62,-1091,,,
20260924,services,62,-1091,,,
20260925,services,62,-1091,,,
20260928,services,62,-1091,,,
20260929,services,62,-1090,,,
20260930,services,62,-1090,,,
20260803,services,62,-1200,,,
20260804,services,62,-1200,,,
20260805,services,62,-1200,,,
20260806,services,62,-1200,,,
20260807,services,62,-1200,,,
20260810,services,62,-1200,,,
20260811,services,62,-1200,,,
20260813,services,62,-1200,,,
20260814,services,62,-1200,,,
20260817,services,62,-1200,,,
20260818,services,62,-1200,,,
20260819,services,62,-1200,,,
20260820,services,62,-1200,,,
20260821,services,62,-1200,,,
20260824,services,62,-1200,,,
20260825,services,62,-1200,,,
20260826,services,62,-1200,,,
20260827,services,62,-1200,,,
20260828,services,62,-1200,,,
20260831,services,62,-1200,,,
20260901,services,63,-264,,,
20260902,services,63,-264,,,
20260903,services,63,-264,,,
20260904,services,63,-264,,,
20260907,services,63,-264,,,
20260908,services,63,-264,,,
20260909,services,63,-264,,,
20260910,services,63,-264,,,
20260911,services,63,-264,,,
20260914,services,63,-264,,,
20260915,services,63,-264,,,
20260916,services,63,-264,,,
20260917,services,63,-264,,,
20260918,services,63,-264,,,
20260921,services,63,-263,,,
20260922,services,63,-263,,,
20260923,services,63,-263,,,
20260924,services,63,-263,,,
20260925,services,63,-263,,,
20260928,services,63,-263,,,
20260929,services,63,-263,,,
20260930,services,63,-263,,,
20260803,services,63,-325,,,
20260804,services,63,-325,,,
20260805,services,63,-325,,,
20260806,services,63,-325,,,
20260807,services,63,-325,,,
20260810,services,63,-325,,,
20260811,services,63,-325,,,
20260813,services,63,-325,,,
20260814,services,63,-325,,,
20260817,services,63,-325,,,
20260818,services,63,-325,,,
20260819,services,63,-325,,,
20260820,services,63,-325,,,
20260821,services,63,-325,,,
20260824,services,63,-325,,,
20260825,services,63,-325,,,
20260826,services,63,-325,,,
20260827,services,63,-325,,,
20260828,services,63,-325,,,
20260831,services,63,-325,,,
20260901,services,64,-8000,,,
20260801,services,64,-8000,,,
20260901,services,65,-4500,,,
20260801,services,65,-4500,,,
20260901,services,66,-2500,,,
20260801,services,66,-2500,,,
20260901,services,67,-82,,,
20260902,services,67,-82,,,
20260903,services,67,-82,,,
20260904,services,67,-82,,,
20260907,services,67,-82,,,
20260908,services,67,-82,,,
20260909,services,67,-82,,,
20260910,services,67,-82,,,
20260911,services,67,-82,,,
20260914,services,67,-82,,,
20260915,services,67,-82,,,
20260916,services,67,-82,,,
20260917,services,67,-82,,,
20260918,services,67,-82,,,
20260921,services,67,-82,,,
20260922,services,67,-82,,,
20260923,services,67,-82,,,
20260924,services,67,-82,,,
20260925,services,67,-81,,,
20260928,services,67,-81,,,
20260929,services,67,-81,,,
20260930,services,67,-81,,,
20260803,services,67,-130,,,
20260804,services,67,-130,,,
20260805,services,67,-130,,,
20260806,services,67,-130,,,
20260807,services,67,-130,,,
20260810,services,67,-130,,,
20260811,services,67,-130,,,
20260813,services,67,-130,,,
20260814,services,67,-130,,,
20260817,services,67,-130,,,
20260818,services,67,-130,,,
20260819,services,67,-130,,,
20260820,services,67,-130,,,
20260821,services,67,-130,,,
20260824,services,67,-130,,,
20260825,services,67,-130,,,
20260826,services,67,-130,,,
20260827,services,67,-130,,,
20260828,services,67,-130,,,
20260831,services,67,-130,,,
20260901,services,68,-150,,,
20260902,services,68,-150,,,
20260903,services,68,-150,,,
20260904,services,68,-150,,,
20260907,services,68,-150,,,
20260908,services,68,-150,,,
20260909,services,68,-150,,,
20260910,services,68,-150,,,
20260911,services,68,-150,,,
20260914,services,68,-150,,,
20260915,services,68,-150,,,
20260916,services,68,-150,,,
20260917,services,68,-150,,,
20260918,services,68,-150,,,
20260921,services,68,-150,,,
20260922,services,68,-150,,,
20260923,services,68,-150,,,
20260924,services,68,-150,,,
20260925,services,68,-150,,,
20260928,services,68,-150,,,
20260929,services,68,-150,,,
20260930,services,68,-150,,,
20260803,services,68,-165,,,
20260804,services,68,-165,,,
20260805,services,68,-165,,,
20260806,services,68,-165,,,
20260807,services,68,-165,,,
20260810,services,68,-165,,,
20260811,services,68,-165,,,
20260813,services,68,-165,,,
20260814,services,68,-165,,,
20260817,services,68,-165,,,
20260818,services,68,-165,,,
20260819,services,68,-165,,,
20260820,services,68,-165,,,
20260821,services,68,-165,,,
20260824,services,68,-165,,,
20260825,services,68,-165,,,
20260826,services,68,-165,,,
20260827,services,68,-165,,,
20260828,services,68,-165,,,
20260831,services,68,-165,,,
20260930,services,71,-2000,,,
20260831,services,71,-2000,,,
20260930,services,72,-240,,,
20260831,services,72,-250,,,
20260930,services,74,-6178,,,
20260831,services,74,-1898,,,
20260901,nfp,112,930,,,
20260902,nfp,112,930,,,
20260903,nfp,112,930,,,
20260904,nfp,112,930,,,
20260905,nfp,112,930,,,
20260906,nfp,112,930,,,
20260907,nfp,112,930,,,
20260908,nfp,112,930,,,
20260909,nfp,112,930,,,
20260910,nfp,112,930,,,
20260911,nfp,112,930,,,
20260912,nfp,112,930,,,
20260913,nfp,112,930,,,
20260914,nfp,112,930,,,
20260915,nfp,112,930,,,
20260916,nfp,112,930,,,
20260917,nfp,112,930,,,
20260918,nfp,112,930,,,
20260919,nfp,112,930,,,
20260920,nfp,112,930,,,
20260921,nfp,112,930,,,
20260922,nfp,112,930,,,
20260923,nfp,112,930,,,
20260924,nfp,112,930,,,
20260925,nfp,112,930,,,
20260926,nfp,112,930,,,
20260927,nfp,112,930,,,
20260928,nfp,112,930,,,
20260929,nfp,112,930,,,
20260930,nfp,112,930,,,
20260801,nfp,112,594,,,
20260802,nfp,112,594,,,
20260803,nfp,112,594,,,
20260804,nfp,112,594,,,
20260805,nfp,112,594,,,
20260806,nfp,112,594,,,
20260807,nfp,112,594,,,
20260808,nfp,112,594,,,
20260809,nfp,112,594,,,
20260810,nfp,112,594,,,
20260811,nfp,112,594,,,
20260812,nfp,112,594,,,
20260813,nfp,112,594,,,
20260814,nfp,112,594,,,
20260815,nfp,112,594,,,
20260816,nfp,112,594,,,
20260817,nfp,112,594,,,
20260818,nfp,112,593,,,
20260819,nfp,112,593,,,
20260820,nfp,112,593,,,
20260821,nfp,112,593,,,
20260822,nfp,112,593,,,
20260823,nfp,112,593,,,
20260824,nfp,112,593,,,
20260825,nfp,112,593,,,
20260826,nfp,112,593,,,
20260827,nfp,112,593,,,
20260828,nfp,112,593,,,
20260829,nfp,112,593,,,
20260830,nfp,112,593,,,
20260831,nfp,112,593,,,
20260919,nfp,113,41600,,,
20260901,nfp,114,1287,,,
20260902,nfp,114,1287,,,
20260903,nfp,114,1287,,,
20260904,nfp,114,1287,,,
20260907,nfp,114,1287,,,
20260908,nfp,114,1287,,,
20260909,nfp,114,1287,,,
20260910,nfp,114,1287,,,
20260911,nfp,114,1286,,,
20260914,nfp,114,1286,,,
20260915,nfp,114,1286,,,
20260916,nfp,114,1286,,,
20260917,nfp,114,1286,,,
20260918,nfp,114,1286,,,
20260921,nfp,114,1286,,,
20260922,nfp,114,1286,,,
20260923,nfp,114,1286,,,
20260924,nfp,114,1286,,,
20260925,nfp,114,1286,,,
20260928,nfp,114,1286,,,
20260929,nfp,114,1286,,,
20260930,nfp,114,1286,,,
20260803,nfp,114,1340,,,
20260804,nfp,114,1340,,,
20260805,nfp,114,1340,,,
20260806,nfp,114,1340,,,
20260807,nfp,114,1340,,,
20260810,nfp,114,1340,,,
20260811,nfp,114,1340,,,
20260813,nfp,114,1340,,,
20260814,nfp,114,1340,,,
20260817,nfp,114,1340,,,
20260818,nfp,114,1340,,,
20260819,nfp,114,1340,,,
20260820,nfp,114,1340,,,
20260821,nfp,114,1340,,,
20260824,nfp,114,1340,,,
20260825,nfp,114,1340,,,
20260826,nfp,114,1340,,,
20260827,nfp,114,1340,,,
20260828,nfp,114,1340,,,
20260831,nfp,114,1340,,,
20260930,nfp,115,1380,,,
20260831,nfp,115,1450,,,
20260901,nfp,117,-2625,,,
20260902,nfp,117,-2625,,,
20260903,nfp,117,-2625,,,
20260904,nfp,117,-2625,,,
20260907,nfp,117,-2625,,,
20260908,nfp,117,-2625,,,
20260909,nfp,117,-2625,,,
20260910,nfp,117,-2625,,,
20260911,nfp,117,-2625,,,
20260914,nfp,117,-2625,,,
20260915,nfp,117,-2625,,,
20260916,nfp,117,-2625,,,
20260917,nfp,117,-2625,,,
20260918,nfp,117,-2625,,,
20260921,nfp,117,-2625,,,
20260922,nfp,117,-2625,,,
20260923,nfp,117,-2625,,,
20260924,nfp,117,-2625,,,
20260925,nfp,117,-2625,,,
20260928,nfp,117,-2625,,,
20260929,nfp,117,-2625,,,
20260930,nfp,117,-2625,,,
20260803,nfp,117,-2764,,,
20260804,nfp,117,-2764,,,
20260805,nfp,117,-2764,,,
20260806,nfp,117,-2764,,,
20260807,nfp,117,-2764,,,
20260810,nfp,117,-2764,,,
20260811,nfp,117,-2764,,,
20260813,nfp,117,-2764,,,
20260814,nfp,117,-2764,,,
20260817,nfp,117,-2764,,,
20260818,nfp,117,-2764,,,
20260819,nfp,117,-2764,,,
20260820,nfp,117,-2764,,,
20260821,nfp,117,-2764,,,
20260824,nfp,117,-2764,,,
20260825,nfp,117,-2763,,,
20260826,nfp,117,-2763,,,
20260827,nfp,117,-2763,,,
20260828,nfp,117,-2763,,,
20260831,nfp,117,-2763,,,
20260901,nfp,118,-875,,,
20260902,nfp,118,-875,,,
20260903,nfp,118,-875,,,
20260904,nfp,118,-875,,,
20260907,nfp,118,-875,,,
20260908,nfp,118,-875,,,
20260909,nfp,118,-875,,,
20260910,nfp,118,-875,,,
20260911,nfp,118,-875,,,
20260914,nfp,118,-875,,,
20260915,nfp,118,-875,,,
20260916,nfp,118,-875,,,
20260917,nfp,118,-875,,,
20260918,nfp,118,-875,,,
20260921,nfp,118,-875,,,
20260922,nfp,118,-875,,,
20260923,nfp,118,-875,,,
20260924,nfp,118,-875,,,
20260925,nfp,118,-875,,,
20260928,nfp,118,-875,,,
20260929,nfp,118,-875,,,
20260930,nfp,118,-875,,,
20260803,nfp,118,-922,,,
20260804,nfp,118,-922,,,
20260805,nfp,118,-922,,,
20260806,nfp,118,-922,,,
20260807,nfp,118,-922,,,
20260810,nfp,118,-921,,,
20260811,nfp,118,-921,,,
20260813,nfp,118,-921,,,
20260814,nfp,118,-921,,,
20260817,nfp,118,-921,,,
20260818,nfp,118,-921,,,
20260819,nfp,118,-921,,,
20260820,nfp,118,-921,,,
20260821,nfp,118,-921,,,
20260824,nfp,118,-921,,,
20260825,nfp,118,-921,,,
20260826,nfp,118,-921,,,
20260827,nfp,118,-921,,,
20260828,nfp,118,-921,,,
20260831,nfp,118,-921,,,
20260901,nfp,119,-660,,,
20260902,nfp,119,-660,,,
20260903,nfp,119,-659,,,
20260904,nfp,119,-659,,,
20260907,nfp,119,-659,,,
20260908,nfp,119,-659,,,
20260909,nfp,119,-659,,,
20260910,nfp,119,-659,,,
20260911,nfp,119,-659,,,
20260914,nfp,119,-659,,,
20260915,nfp,119,-659,,,
20260916,nfp,119,-659,,,
20260917,nfp,119,-659,,,
20260918,nfp,119,-659,,,
20260921,nfp,119,-659,,,
20260922,nfp,119,-659,,,
20260923,nfp,119,-659,,,
20260924,nfp,119,-659,,,
20260925,nfp,119,-659,,,
20260928,nfp,119,-659,,,
20260929,nfp,119,-659,,,
20260930,nfp,119,-659,,,
20260803,nfp,119,-700,,,
20260804,nfp,119,-700,,,
20260805,nfp,119,-700,,,
20260806,nfp,119,-700,,,
20260807,nfp,119,-700,,,
20260810,nfp,119,-700,,,
20260811,nfp,119,-700,,,
20260813,nfp,119,-700,,,
20260814,nfp,119,-700,,,
20260817,nfp,119,-700,,,
20260818,nfp,119,-700,,,
20260819,nfp,119,-700,,,
20260820,nfp,119,-700,,,
20260821,nfp,119,-700,,,
20260824,nfp,119,-700,,,
20260825,nfp,119,-700,,,
20260826,nfp,119,-700,,,
20260827,nfp,119,-700,,,
20260828,nfp,119,-700,,,
20260831,nfp,119,-700,,,
20260901,nfp,120,-278,,,
20260902,nfp,120,-278,,,
20260903,nfp,120,-278,,,
20260904,nfp,120,-278,,,
20260907,nfp,120,-278,,,
20260908,nfp,120,-278,,,
20260909,nfp,120,-277,,,
20260910,nfp,120,-277,,,
20260911,nfp,120,-277,,,
20260914,nfp,120,-277,,,
20260915,nfp,120,-277,,,
20260916,nfp,120,-277,,,
20260917,nfp,120,-277,,,
20260918,nfp,120,-277,,,
20260921,nfp,120,-277,,,
20260922,nfp,120,-277,,,
20260923,nfp,120,-277,,,
20260924,nfp,120,-277,,,
20260925,nfp,120,-277,,,
20260928,nfp,120,-277,,,
20260929,nfp,120,-277,,,
20260930,nfp,120,-277,,,
20260803,nfp,120,-275,,,
20260804,nfp,120,-275,,,
20260805,nfp,120,-275,,,
20260806,nfp,120,-275,,,
20260807,nfp,120,-275,,,
20260810,nfp,120,-275,,,
20260811,nfp,120,-275,,,
20260813,nfp,120,-275,,,
20260814,nfp,120,-275,,,
20260817,nfp,120,-275,,,
20260818,nfp,120,-275,,,
20260819,nfp,120,-275,,,
20260820,nfp,120,-275,,,
20260821,nfp,120,-275,,,
20260824,nfp,120,-275,,,
20260825,nfp,120,-275,,,
20260826,nfp,120,-275,,,
20260827,nfp,120,-275,,,
20260828,nfp,120,-275,,,
20260831,nfp,120,-275,,,
20260901,nfp,122,-323,,,
20260902,nfp,122,-323,,,
20260903,nfp,122,-323,,,
20260904,nfp,122,-323,,,
20260907,nfp,122,-323,,,
20260908,nfp,122,-323,,,
20260909,nfp,122,-323,,,
20260910,nfp,122,-323,,,
20260911,nfp,122,-323,,,
20260914,nfp,122,-323,,,
20260915,nfp,122,-323,,,
20260916,nfp,122,-323,,,
20260917,nfp,122,-323,,,
20260918,nfp,122,-323,,,
20260921,nfp,122,-323,,,
20260922,nfp,122,-323,,,
20260923,nfp,122,-322,,,
20260924,nfp,122,-322,,,
20260925,nfp,122,-322,,,
20260928,nfp,122,-322,,,
20260929,nfp,122,-322,,,
20260930,nfp,122,-322,,,
20260803,nfp,122,-355,,,
20260804,nfp,122,-355,,,
20260805,nfp,122,-355,,,
20260806,nfp,122,-355,,,
20260807,nfp,122,-355,,,
20260810,nfp,122,-355,,,
20260811,nfp,122,-355,,,
20260813,nfp,122,-355,,,
20260814,nfp,122,-355,,,
20260817,nfp,122,-355,,,
20260818,nfp,122,-355,,,
20260819,nfp,122,-355,,,
20260820,nfp,122,-355,,,
20260821,nfp,122,-355,,,
20260824,nfp,122,-355,,,
20260825,nfp,122,-355,,,
20260826,nfp,122,-355,,,
20260827,nfp,122,-355,,,
20260828,nfp,122,-355,,,
20260831,nfp,122,-355,,,
20260901,nfp,123,-246,,,
20260902,nfp,123,-246,,,
20260903,nfp,123,-246,,,
20260904,nfp,123,-246,,,
20260907,nfp,123,-246,,,
20260908,nfp,123,-246,,,
20260909,nfp,123,-246,,,
20260910,nfp,123,-246,,,
20260911,nfp,123,-246,,,
20260914,nfp,123,-246,,,
20260915,nfp,123,-245,,,
20260916,nfp,123,-245,,,
20260917,nfp,123,-245,,,
20260918,nfp,123,-245,,,
20260921,nfp,123,-245,,,
20260922,nfp,123,-245,,,
20260923,nfp,123,-245,,,
20260924,nfp,123,-245,,,
20260925,nfp,123,-245,,,
20260928,nfp,123,-245,,,
20260929,nfp,123,-245,,,
20260930,nfp,123,-245,,,
20260803,nfp,123,-110,,,
20260804,nfp,123,-110,,,
20260805,nfp,123,-110,,,
20260806,nfp,123,-110,,,
20260807,nfp,123,-110,,,
20260810,nfp,123,-110,,,
20260811,nfp,123,-110,,,
20260813,nfp,123,-110,,,
20260814,nfp,123,-110,,,
20260817,nfp,123,-110,,,
20260818,nfp,123,-110,,,
20260819,nfp,123,-110,,,
20260820,nfp,123,-110,,,
20260821,nfp,123,-110,,,
20260824,nfp,123,-110,,,
20260825,nfp,123,-110,,,
20260826,nfp,123,-110,,,
20260827,nfp,123,-110,,,
20260828,nfp,123,-110,,,
20260831,nfp,123,-110,,,
20260919,nfp,124,-16900,,,
20260803,nfp,124,-120,,,
20260804,nfp,124,-120,,,
20260805,nfp,124,-120,,,
20260806,nfp,124,-120,,,
20260807,nfp,124,-120,,,
20260810,nfp,124,-120,,,
20260811,nfp,124,-120,,,
20260813,nfp,124,-120,,,
20260814,nfp,124,-120,,,
20260817,nfp,124,-120,,,
20260818,nfp,124,-120,,,
20260819,nfp,124,-120,,,
20260820,nfp,124,-120,,,
20260821,nfp,124,-120,,,
20260824,nfp,124,-120,,,
20260825,nfp,124,-120,,,
20260826,nfp,124,-120,,,
20260827,nfp,124,-120,,,
20260828,nfp,124,-120,,,
20260831,nfp,124,-120,,,
20260901,nfp,126,-832,,,
20260902,nfp,126,-832,,,
20260903,nfp,126,-832,,,
20260904,nfp,126,-832,,,
20260907,nfp,126,-832,,,
20260908,nfp,126,-832,,,
20260909,nfp,126,-832,,,
20260910,nfp,126,-832,,,
20260911,nfp,126,-832,,,
20260914,nfp,126,-832,,,
20260915,nfp,126,-832,,,
20260916,nfp,126,-832,,,
20260917,nfp,126,-832,,,
20260918,nfp,126,-832,,,
20260921,nfp,126,-832,,,
20260922,nfp,126,-832,,,
20260923,nfp,126,-832,,,
20260924,nfp,126,-832,,,
20260925,nfp,126,-831,,,
20260928,nfp,126,-831,,,
20260929,nfp,126,-831,,,
20260930,nfp,126,-831,,,
20260803,nfp,126,-915,,,
20260804,nfp,126,-915,,,
20260805,nfp,126,-915,,,
20260806,nfp,126,-915,,,
20260807,nfp,126,-915,,,
20260810,nfp,126,-915,,,
20260811,nfp,126,-915,,,
20260813,nfp,126,-915,,,
20260814,nfp,126,-915,,,
20260817,nfp,126,-915,,,
20260818,nfp,126,-915,,,
20260819,nfp,126,-915,,,
20260820,nfp,126,-915,,,
20260821,nfp,126,-915,,,
20260824,nfp,126,-915,,,
20260825,nfp,126,-915,,,
20260826,nfp,126,-915,,,
20260827,nfp,126,-915,,,
20260828,nfp,126,-915,,,
20260831,nfp,126,-915,,,
20260901,nfp,127,-10000,,,
20260801,nfp,127,-10000,,,
20260901,nfp,128,-346,,,
20260902,nfp,128,-346,,,
20260903,nfp,128,-346,,,
20260904,nfp,128,-346,,,
20260907,nfp,128,-346,,,
20260908,nfp,128,-346,,,
20260909,nfp,128,-346,,,
20260910,nfp,128,-346,,,
20260911,nfp,128,-346,,,
20260914,nfp,128,-346,,,
20260915,nfp,128,-345,,,
20260916,nfp,128,-345,,,
20260917,nfp,128,-345,,,
20260918,nfp,128,-345,,,
20260921,nfp,128,-345,,,
20260922,nfp,128,-345,,,
20260923,nfp,128,-345,,,
20260924,nfp,128,-345,,,
20260925,nfp,128,-345,,,
20260928,nfp,128,-345,,,
20260929,nfp,128,-345,,,
20260930,nfp,128,-345,,,
20260803,nfp,128,-400,,,
20260804,nfp,128,-400,,,
20260805,nfp,128,-400,,,
20260806,nfp,128,-400,,,
20260807,nfp,128,-400,,,
20260810,nfp,128,-400,,,
20260811,nfp,128,-400,,,
20260813,nfp,128,-400,,,
20260814,nfp,128,-400,,,
20260817,nfp,128,-400,,,
20260818,nfp,128,-400,,,
20260819,nfp,128,-400,,,
20260820,nfp,128,-400,,,
20260821,nfp,128,-400,,,
20260824,nfp,128,-400,,,
20260825,nfp,128,-400,,,
20260826,nfp,128,-400,,,
20260827,nfp,128,-400,,,
20260828,nfp,128,-400,,,
20260831,nfp,128,-400,,,
20260930,nfp,130,-2900,,,
20260831,nfp,130,-2900,,,
