date_key,org_id,account_id,amount
20260901,trades,41,879
20260902,trades,41,1373
20260903,trades,41,10635
20260904,trades,41,2262
20260906,trades,41,39413
20260907,trades,41,21150
20260908,trades,41,6315
20260909,trades,41,17241
20260910,trades,41,736
20260911,trades,41,1115
20260912,trades,41,1247
20260913,trades,41,22278
20260914,trades,41,171
20260915,trades,41,1130
20260916,trades,41,335
20260917,trades,41,1099
20260918,trades,41,327
20260919,trades,41,920
20260920,trades,41,322
20260921,trades,41,840
20260922,trades,41,1392
20260923,trades,41,851
20260924,trades,41,1391
20260925,trades,41,288
20260926,trades,41,2494
20260927,trades,41,14502
20260928,trades,41,1485
20260929,trades,41,28902
20260802,trades,41,24411
20260803,trades,41,11951
20260804,trades,41,15310
20260805,trades,41,868
20260806,trades,41,32096
20260807,trades,41,381
20260808,trades,41,12418
20260809,trades,41,9800
20260810,trades,41,1644
20260811,trades,41,1439
20260812,trades,41,381
20260813,trades,41,656
20260814,trades,41,983
20260815,trades,41,1233
20260816,trades,41,342
20260817,trades,41,1561
20260818,trades,41,1528
20260819,trades,41,1026
20260820,trades,41,610
20260822,trades,41,1838
20260823,trades,41,1669
20260824,trades,41,1520
20260825,trades,41,524
20260826,trades,41,17338
20260827,trades,41,669
20260828,trades,41,1387
20260829,trades,41,1680
20260830,trades,41,710
20260831,trades,41,10300
20260915,trades,42,-46465
20260930,trades,42,-46465
20260817,trades,42,-48755
20260831,trades,42,-48755
20260903,trades,43,-37800
20260917,trades,43,-37800
20260806,trades,43,-37700
20260820,trades,43,-37700
20260930,trades,44,-1080
20260831,trades,44,-1100
20260910,trades,47,-12000
20260928,trades,49,-5000
20260828,trades,49,-5000
20260902,services,93,37050
20260904,services,93,12000
20260918,services,93,9500
20260922,services,93,6400
20260810,services,93,31500
20260816,services,93,31500
20260820,services,93,9500
20260824,services,93,30250
20260828,services,93,30250
20260829,services,93,4200
20260915,services,94,-16400
20260930,services,94,-16400
20260817,services,94,-15650
20260831,services,94,-15650
20260903,services,95,-34950
20260917,services,95,-34950
20260806,services,95,-34900
20260820,services,95,-34900
20260930,services,96,-240
20260831,services,96,-250
20260910,services,99,-3200
20260928,services,101,-1700
20260828,services,101,-1700
20260901,nfp,147,930
20260902,nfp,147,930
20260903,nfp,147,930
20260904,nfp,147,930
20260905,nfp,147,930
20260906,nfp,147,930
20260907,nfp,147,930
20260908,nfp,147,930
20260909,nfp,147,930
20260910,nfp,147,930
20260911,nfp,147,930
20260912,nfp,147,930
20260913,nfp,147,930
20260914,nfp,147,930
20260915,nfp,147,930
20260916,nfp,147,930
20260917,nfp,147,930
20260918,nfp,147,930
20260919,nfp,147,930
20260920,nfp,147,930
20260921,nfp,147,930
20260922,nfp,147,930
20260923,nfp,147,930
20260924,nfp,147,930
20260925,nfp,147,930
20260926,nfp,147,930
20260927,nfp,147,930
20260928,nfp,147,930
20260929,nfp,147,930
20260930,nfp,147,930
20260919,nfp,147,41600
20260801,nfp,147,594
20260802,nfp,147,594
20260803,nfp,147,594
20260804,nfp,147,594
20260805,nfp,147,594
20260806,nfp,147,594
20260807,nfp,147,594
20260808,nfp,147,594
20260809,nfp,147,594
20260810,nfp,147,594
20260811,nfp,147,594
20260812,nfp,147,594
20260813,nfp,147,594
20260814,nfp,147,594
20260815,nfp,147,594
20260816,nfp,147,594
20260817,nfp,147,594
20260818,nfp,147,593
20260819,nfp,147,593
20260820,nfp,147,593
20260821,nfp,147,593
20260822,nfp,147,593
20260823,nfp,147,593
20260824,nfp,147,593
20260825,nfp,147,593
20260826,nfp,147,593
20260827,nfp,147,593
20260828,nfp,147,593
20260829,nfp,147,593
20260830,nfp,147,593
20260831,nfp,147,593
20260901,nfp,148,1260
20260902,nfp,148,1260
20260903,nfp,148,1259
20260904,nfp,148,1259
20260907,nfp,148,1259
20260908,nfp,148,1259
20260909,nfp,148,1259
20260910,nfp,148,1259
20260911,nfp,148,1259
20260914,nfp,148,1259
20260915,nfp,148,1259
20260916,nfp,148,1259
20260917,nfp,148,1259
20260918,nfp,148,1259
20260921,nfp,148,1259
20260922,nfp,148,1259
20260923,nfp,148,1259
20260924,nfp,148,1259
20260925,nfp,148,1259
20260928,nfp,148,1259
20260929,nfp,148,1259
20260930,nfp,148,1259
20260803,nfp,148,1305
20260804,nfp,148,1305
20260805,nfp,148,1305
20260806,nfp,148,1305
20260807,nfp,148,1305
20260810,nfp,148,1305
20260811,nfp,148,1305
20260813,nfp,148,1305
20260814,nfp,148,1305
20260817,nfp,148,1305
20260818,nfp,148,1305
20260819,nfp,148,1305
20260820,nfp,148,1305
20260821,nfp,148,1305
20260824,nfp,148,1305
20260825,nfp,148,1305
20260826,nfp,148,1305
20260827,nfp,148,1305
20260828,nfp,148,1305
20260831,nfp,148,1305
20260930,nfp,149,1380
20260831,nfp,149,1450
20260915,nfp,150,-23263
20260930,nfp,150,-23262
20260817,nfp,150,-18250
20260831,nfp,150,-18250
20260903,nfp,151,-48475
20260917,nfp,151,-48475
20260806,nfp,151,-46888
20260820,nfp,151,-46887
