date_key,org_id,job_id,engagement_id,hours
20260803,trades,MC-01,,1.0
20260804,trades,MC-01,,1.0
20260805,trades,MC-01,,1.0
20260806,trades,MC-01,,1.0
20260807,trades,MC-01,,1.0
20260810,trades,MC-01,,1.0
20260811,trades,MC-01,,1.0
20260813,trades,MC-01,,1.0
20260814,trades,MC-01,,1.0
20260817,trades,MC-01,,1.0
20260818,trades,MC-01,,1.0
20260819,trades,MC-01,,1.0
20260820,trades,MC-01,,1.0
20260821,trades,MC-01,,1.0
20260824,trades,MC-01,,1.0
20260825,trades,MC-01,,1.0
20260826,trades,MC-01,,0.5
20260827,trades,MC-01,,0.5
20260828,trades,MC-01,,0.5
20260831,trades,MC-01,,0.5
20260803,trades,MC-02,,0.5
20260804,trades,MC-02,,0.5
20260805,trades,MC-02,,0.5
20260806,trades,MC-02,,0.5
20260807,trades,MC-02,,0.5
20260810,trades,MC-02,,0.5
20260811,trades,MC-02,,0.5
20260813,trades,MC-02,,0.5
20260814,trades,MC-02,,0.5
20260817,trades,MC-02,,0.5
20260818,trades,MC-02,,0.5
20260819,trades,MC-02,,0.5
20260820,trades,MC-02,,0.5
20260821,trades,MC-02,,0.5
20260824,trades,MC-02,,0.5
20260825,trades,MC-02,,0.5
20260826,trades,MC-02,,0.5
20260827,trades,MC-02,,0.5
20260828,trades,MC-02,,0.5
20260831,trades,MC-02,,0.5
20260803,trades,MC-03,,1.5
20260804,trades,MC-03,,1.5
20260805,trades,MC-03,,1.5
20260806,trades,MC-03,,1.5
20260807,trades,MC-03,,1.5
20260810,trades,MC-03,,1.5
20260811,trades,MC-03,,1.5
20260813,trades,MC-03,,1.5
20260814,trades,MC-03,,1.0
20260817,trades,MC-03,,1.0
20260818,trades,MC-03,,1.0
20260819,trades,MC-03,,1.0
20260820,trades,MC-03,,1.0
20260821,trades,MC-03,,1.0
20260824,trades,MC-03,,1.0
20260825,trades,MC-03,,1.0
20260826,trades,MC-03,,1.0
20260827,trades,MC-03,,1.0
20260828,trades,MC-03,,1.0
20260831,trades,MC-03,,1.0
20260803,trades,MC-04,,1.0
20260804,trades,MC-04,,1.0
20260805,trades,MC-04,,1.0
20260806,trades,MC-04,,1.0
20260807,trades,MC-04,,1.0
20260810,trades,MC-04,,1.0
20260811,trades,MC-04,,1.0
20260813,trades,MC-04,,1.0
20260814,trades,MC-04,,1.0
20260817,trades,MC-04,,1.0
20260818,trades,MC-04,,1.0
20260819,trades,MC-04,,1.0
20260820,trades,MC-04,,1.0
20260821,trades,MC-04,,1.0
20260824,trades,MC-04,,1.0
20260825,trades,MC-04,,1.0
20260826,trades,MC-04,,1.0
20260827,trades,MC-04,,1.0
20260828,trades,MC-04,,1.0
20260831,trades,MC-04,,1.0
20260803,trades,MC-05,,0.5
20260804,trades,MC-05,,0.5
20260805,trades,MC-05,,0.5
20260806,trades,MC-05,,0.5
20260807,trades,MC-05,,0.5
20260810,trades,MC-05,,0.5
20260811,trades,MC-05,,0.5
20260813,trades,MC-05,,0.5
20260814,trades,MC-05,,0.5
20260817,trades,MC-05,,0.5
20260818,trades,MC-05,,0.5
20260819,trades,MC-05,,0.5
20260820,trades,MC-05,,0.5
20260821,trades,MC-05,,0.5
20260824,trades,MC-05,,0.5
20260825,trades,MC-05,,0.5
20260826,trades,MC-05,,0.5
20260827,trades,MC-05,,0.5
20260803,trades,MC-06,,1.0
20260804,trades,MC-06,,1.0
20260805,trades,MC-06,,1.0
20260806,trades,MC-06,,1.0
20260807,trades,MC-06,,1.0
20260810,trades,MC-06,,1.0
20260811,trades,MC-06,,1.0
20260813,trades,MC-06,,1.0
20260814,trades,MC-06,,0.5
20260817,trades,MC-06,,0.5
20260818,trades,MC-06,,0.5
20260819,trades,MC-06,,0.5
20260820,trades,MC-06,,0.5
20260821,trades,MC-06,,0.5
20260824,trades,MC-06,,0.5
20260825,trades,MC-06,,0.5
20260826,trades,MC-06,,0.5
20260827,trades,MC-06,,0.5
20260828,trades,MC-06,,0.5
20260831,trades,MC-06,,0.5
20260803,trades,MC-07,,1.5
20260804,trades,MC-07,,1.5
20260805,trades,MC-07,,1.5
20260806,trades,MC-07,,1.5
20260807,trades,MC-07,,1.0
20260810,trades,MC-07,,1.0
20260811,trades,MC-07,,1.0
20260813,trades,MC-07,,1.0
20260814,trades,MC-07,,1.0
20260817,trades,MC-07,,1.0
20260818,trades,MC-07,,1.0
20260819,trades,MC-07,,1.0
20260820,trades,MC-07,,1.0
20260821,trades,MC-07,,1.0
20260824,trades,MC-07,,1.0
20260825,trades,MC-07,,1.0
20260826,trades,MC-07,,1.0
20260827,trades,MC-07,,1.0
20260828,trades,MC-07,,1.0
20260831,trades,MC-07,,1.0
20260803,trades,MC-08,,1.0
20260804,trades,MC-08,,1.0
20260805,trades,MC-08,,1.0
20260806,trades,MC-08,,1.0
20260807,trades,MC-08,,0.5
20260810,trades,MC-08,,0.5
20260811,trades,MC-08,,0.5
20260813,trades,MC-08,,0.5
20260814,trades,MC-08,,0.5
20260817,trades,MC-08,,0.5
20260818,trades,MC-08,,0.5
20260819,trades,MC-08,,0.5
20260820,trades,MC-08,,0.5
20260821,trades,MC-08,,0.5
20260824,trades,MC-08,,0.5
20260825,trades,MC-08,,0.5
20260826,trades,MC-08,,0.5
20260827,trades,MC-08,,0.5
20260828,trades,MC-08,,0.5
20260831,trades,MC-08,,0.5
20260803,trades,MC-09,,1.0
20260804,trades,MC-09,,1.0
20260805,trades,MC-09,,1.0
20260806,trades,MC-09,,1.0
20260807,trades,MC-09,,1.0
20260810,trades,MC-09,,1.0
20260811,trades,MC-09,,1.0
20260813,trades,MC-09,,1.0
20260814,trades,MC-09,,1.0
20260817,trades,MC-09,,1.0
20260818,trades,MC-09,,1.0
20260819,trades,MC-09,,1.0
20260820,trades,MC-09,,0.5
20260821,trades,MC-09,,0.5
20260824,trades,MC-09,,0.5
20260825,trades,MC-09,,0.5
20260826,trades,MC-09,,0.5
20260827,trades,MC-09,,0.5
20260828,trades,MC-09,,0.5
20260831,trades,MC-09,,0.5
20260803,trades,MC-10,,1.0
20260804,trades,MC-10,,1.0
20260805,trades,MC-10,,1.0
20260806,trades,MC-10,,1.0
20260807,trades,MC-10,,1.0
20260810,trades,MC-10,,1.0
20260811,trades,MC-10,,1.0
20260813,trades,MC-10,,1.0
20260814,trades,MC-10,,1.0
20260817,trades,MC-10,,1.0
20260818,trades,MC-10,,1.0
20260819,trades,MC-10,,1.0
20260820,trades,MC-10,,1.0
20260821,trades,MC-10,,1.0
20260824,trades,MC-10,,1.0
20260825,trades,MC-10,,1.0
20260826,trades,MC-10,,1.0
20260827,trades,MC-10,,1.0
20260828,trades,MC-10,,0.5
20260831,trades,MC-10,,0.5
20260803,trades,MC-11,,1.5
20260804,trades,MC-11,,1.5
20260805,trades,MC-11,,1.5
20260806,trades,MC-11,,1.5
20260807,trades,MC-11,,1.5
20260810,trades,MC-11,,1.5
20260811,trades,MC-11,,1.0
20260813,trades,MC-11,,1.0
20260814,trades,MC-11,,1.0
20260817,trades,MC-11,,1.0
20260818,trades,MC-11,,1.0
20260819,trades,MC-11,,1.0
20260820,trades,MC-11,,1.0
20260821,trades,MC-11,,1.0
20260824,trades,MC-11,,1.0
20260825,trades,MC-11,,1.0
20260826,trades,MC-11,,1.0
20260827,trades,MC-11,,1.0
20260828,trades,MC-11,,1.0
20260831,trades,MC-11,,1.0
20260803,trades,MC-12,,1.0
20260804,trades,MC-12,,1.0
20260805,trades,MC-12,,1.0
20260806,trades,MC-12,,1.0
20260807,trades,MC-12,,1.0
20260810,trades,MC-12,,1.0
20260811,trades,MC-12,,1.0
20260813,trades,MC-12,,1.0
20260814,trades,MC-12,,1.0
20260817,trades,MC-12,,1.0
20260818,trades,MC-12,,0.5
20260819,trades,MC-12,,0.5
20260820,trades,MC-12,,0.5
20260821,trades,MC-12,,0.5
20260824,trades,MC-12,,0.5
20260825,trades,MC-12,,0.5
20260826,trades,MC-12,,0.5
20260827,trades,MC-12,,0.5
20260828,trades,MC-12,,0.5
20260831,trades,MC-12,,0.5
20260803,trades,MC-13,,0.5
20260804,trades,MC-13,,0.5
20260805,trades,MC-13,,0.5
20260806,trades,MC-13,,0.5
20260807,trades,MC-13,,0.5
20260810,trades,MC-13,,0.5
20260811,trades,MC-13,,0.5
20260813,trades,MC-13,,0.5
20260814,trades,MC-13,,0.5
20260817,trades,MC-13,,0.5
20260818,trades,MC-13,,0.5
20260819,trades,MC-13,,0.5
20260820,trades,MC-13,,0.5
20260821,trades,MC-13,,0.5
20260824,trades,MC-13,,0.5
20260825,trades,MC-13,,0.5
20260826,trades,MC-13,,0.5
20260827,trades,MC-13,,0.5
20260803,trades,MC-14,,1.0
20260804,trades,MC-14,,1.0
20260805,trades,MC-14,,1.0
20260806,trades,MC-14,,1.0
20260807,trades,MC-14,,1.0
20260810,trades,MC-14,,1.0
20260811,trades,MC-14,,1.0
20260813,trades,MC-14,,1.0
20260814,trades,MC-14,,1.0
20260817,trades,MC-14,,1.0
20260818,trades,MC-14,,1.0
20260819,trades,MC-14,,1.0
20260820,trades,MC-14,,1.0
20260821,trades,MC-14,,1.0
20260824,trades,MC-14,,0.5
20260825,trades,MC-14,,0.5
20260826,trades,MC-14,,0.5
20260827,trades,MC-14,,0.5
20260828,trades,MC-14,,0.5
20260831,trades,MC-14,,0.5
20260803,trades,J-2588,,18.5
20260804,trades,J-2588,,18.5
20260805,trades,J-2588,,18.5
20260806,trades,J-2588,,18.5
20260807,trades,J-2588,,18.0
20260807,trades,J-2591,,14.0
20260810,trades,J-2591,,14.0
20260811,trades,J-2591,,14.0
20260813,trades,J-2591,,14.0
20260814,trades,J-2591,,14.0
20260813,trades,J-2594,,9.0
20260814,trades,J-2594,,9.0
20260817,trades,J-2594,,9.0
20260818,trades,J-2594,,8.5
20260819,trades,J-2594,,8.5
20260818,trades,J-2597,,7.5
20260819,trades,J-2597,,7.5
20260820,trades,J-2597,,7.0
20260821,trades,J-2597,,7.0
20260824,trades,J-2597,,7.0
20260824,trades,J-2599,,10.0
20260825,trades,J-2599,,9.5
20260826,trades,J-2599,,9.5
20260827,trades,J-2599,,9.5
20260828,trades,J-2599,,9.5
20260824,trades,C-0801,,4
20260819,trades,C-0802,,2
20260801,trades,C-0803,,1.5
20260806,trades,C-0804,,1
20260826,trades,C-0805,,2.5
20260811,trades,C-0806,,3
20260813,trades,C-0807,,1
20260803,trades,C-0808,,3
20260821,trades,C-0809,,4
20260808,trades,C-0810,,2
20260803,trades,C-0811,,3
20260827,trades,C-0812,,3
20260812,trades,C-0813,,2
20260805,trades,C-0814,,3
20260809,trades,C-0815,,3
20260822,trades,C-0816,,4
20260817,trades,C-0817,,4
20260819,trades,C-0818,,3
20260811,trades,C-0819,,2
20260826,trades,C-0820,,4
20260818,trades,C-0821,,2
20260825,trades,C-0822,,2
20260813,trades,C-0823,,1.5
20260822,trades,C-0824,,3
20260822,trades,C-0825,,1.5
20260814,trades,C-0826,,3
20260803,trades,C-0827,,2.5
20260822,trades,C-0828,,2.5
20260827,trades,C-0829,,3
20260811,trades,C-0830,,2.5
20260824,trades,C-0831,,2
20260811,trades,C-0832,,2.5
20260803,trades,C-0833,,2
20260815,trades,C-0834,,1.5
20260805,trades,C-0835,,3
20260812,trades,C-0836,,4
20260811,trades,C-0837,,2
20260825,trades,C-0838,,3
20260825,trades,C-0839,,2
20260828,trades,C-0840,,2.5
20260815,trades,C-0841,,2.5
20260823,trades,C-0842,,4
20260808,trades,C-0843,,2
20260804,trades,C-0844,,1.5
20260814,trades,C-0845,,1
20260812,trades,C-0846,,3
20260808,trades,C-0847,,1.5
20260816,trades,C-0848,,2
20260828,trades,C-0849,,1
20260801,trades,C-0850,,1
20260810,trades,C-0851,,1
20260803,trades,C-0852,,1
20260824,trades,C-0853,,3
20260804,trades,C-0854,,1
20260806,trades,C-0855,,3
20260822,trades,C-0856,,1.5
20260823,trades,C-0857,,2
20260822,trades,C-0858,,2
20260901,trades,MC-01,,1.0
20260902,trades,MC-01,,1.0
20260903,trades,MC-01,,1.0
20260904,trades,MC-01,,1.0
20260907,trades,MC-01,,1.0
20260908,trades,MC-01,,1.0
20260909,trades,MC-01,,1.0
20260910,trades,MC-01,,1.0
20260911,trades,MC-01,,1.0
20260914,trades,MC-01,,1.0
20260915,trades,MC-01,,1.0
20260916,trades,MC-01,,1.0
20260917,trades,MC-01,,1.0
20260918,trades,MC-01,,1.0
20260921,trades,MC-01,,0.5
20260922,trades,MC-01,,0.5
20260923,trades,MC-01,,0.5
20260924,trades,MC-01,,0.5
20260925,trades,MC-01,,0.5
20260928,trades,MC-01,,0.5
20260929,trades,MC-01,,0.5
20260930,trades,MC-01,,0.5
20260901,trades,MC-02,,0.5
20260902,trades,MC-02,,0.5
20260903,trades,MC-02,,0.5
20260904,trades,MC-02,,0.5
20260907,trades,MC-02,,0.5
20260908,trades,MC-02,,0.5
20260909,trades,MC-02,,0.5
20260910,trades,MC-02,,0.5
20260911,trades,MC-02,,0.5
20260914,trades,MC-02,,0.5
20260915,trades,MC-02,,0.5
20260916,trades,MC-02,,0.5
20260917,trades,MC-02,,0.5
20260918,trades,MC-02,,0.5
20260921,trades,MC-02,,0.5
20260922,trades,MC-02,,0.5
20260923,trades,MC-02,,0.5
20260924,trades,MC-02,,0.5
20260925,trades,MC-02,,0.5
20260928,trades,MC-02,,0.5
20260901,trades,MC-03,,1.5
20260902,trades,MC-03,,1.5
20260903,trades,MC-03,,1.5
20260904,trades,MC-03,,1.5
20260907,trades,MC-03,,1.0
20260908,trades,MC-03,,1.0
20260909,trades,MC-03,,1.0
20260910,trades,MC-03,,1.0
20260911,trades,MC-03,,1.0
20260914,trades,MC-03,,1.0
20260915,trades,MC-03,,1.0
20260916,trades,MC-03,,1.0
20260917,trades,MC-03,,1.0
20260918,trades,MC-03,,1.0
20260921,trades,MC-03,,1.0
20260922,trades,MC-03,,1.0
20260923,trades,MC-03,,1.0
20260924,trades,MC-03,,1.0
20260925,trades,MC-03,,1.0
20260928,trades,MC-03,,1.0
20260929,trades,MC-03,,1.0
20260930,trades,MC-03,,1.0
20260901,trades,MC-04,,1.0
20260902,trades,MC-04,,1.0
20260903,trades,MC-04,,1.0
20260904,trades,MC-04,,1.0
20260907,trades,MC-04,,1.0
20260908,trades,MC-04,,1.0
20260909,trades,MC-04,,1.0
20260910,trades,MC-04,,1.0
20260911,trades,MC-04,,1.0
20260914,trades,MC-04,,1.0
20260915,trades,MC-04,,1.0
20260916,trades,MC-04,,1.0
20260917,trades,MC-04,,1.0
20260918,trades,MC-04,,1.0
20260921,trades,MC-04,,1.0
20260922,trades,MC-04,,1.0
20260923,trades,MC-04,,1.0
20260924,trades,MC-04,,1.0
20260925,trades,MC-04,,0.5
20260928,trades,MC-04,,0.5
20260929,trades,MC-04,,0.5
20260930,trades,MC-04,,0.5
20260901,trades,MC-05,,0.5
20260902,trades,MC-05,,0.5
20260903,trades,MC-05,,0.5
20260904,trades,MC-05,,0.5
20260907,trades,MC-05,,0.5
20260908,trades,MC-05,,0.5
20260909,trades,MC-05,,0.5
20260910,trades,MC-05,,0.5
20260911,trades,MC-05,,0.5
20260914,trades,MC-05,,0.5
20260915,trades,MC-05,,0.5
20260916,trades,MC-05,,0.5
20260917,trades,MC-05,,0.5
20260918,trades,MC-05,,0.5
20260921,trades,MC-05,,0.5
20260922,trades,MC-05,,0.5
20260923,trades,MC-05,,0.5
20260924,trades,MC-05,,0.5
20260901,trades,MC-06,,1.0
20260902,trades,MC-06,,1.0
20260903,trades,MC-06,,1.0
20260904,trades,MC-06,,1.0
20260907,trades,MC-06,,1.0
20260908,trades,MC-06,,1.0
20260909,trades,MC-06,,0.5
20260910,trades,MC-06,,0.5
20260911,trades,MC-06,,0.5
20260914,trades,MC-06,,0.5
20260915,trades,MC-06,,0.5
20260916,trades,MC-06,,0.5
20260917,trades,MC-06,,0.5
20260918,trades,MC-06,,0.5
20260921,trades,MC-06,,0.5
20260922,trades,MC-06,,0.5
20260923,trades,MC-06,,0.5
20260924,trades,MC-06,,0.5
20260925,trades,MC-06,,0.5
20260928,trades,MC-06,,0.5
20260929,trades,MC-06,,0.5
20260930,trades,MC-06,,0.5
20260901,trades,MC-07,,1.0
20260902,trades,MC-07,,1.0
20260903,trades,MC-07,,1.0
20260904,trades,MC-07,,1.0
20260907,trades,MC-07,,1.0
20260908,trades,MC-07,,1.0
20260909,trades,MC-07,,1.0
20260910,trades,MC-07,,1.0
20260911,trades,MC-07,,1.0
20260914,trades,MC-07,,1.0
20260915,trades,MC-07,,1.0
20260916,trades,MC-07,,1.0
20260917,trades,MC-07,,1.0
20260918,trades,MC-07,,1.0
20260921,trades,MC-07,,1.0
20260922,trades,MC-07,,1.0
20260923,trades,MC-07,,1.0
20260924,trades,MC-07,,1.0
20260925,trades,MC-07,,1.0
20260928,trades,MC-07,,1.0
20260929,trades,MC-07,,1.0
20260930,trades,MC-07,,1.0
20260901,trades,MC-08,,1.0
20260902,trades,MC-08,,1.0
20260903,trades,MC-08,,0.5
20260904,trades,MC-08,,0.5
20260907,trades,MC-08,,0.5
20260908,trades,MC-08,,0.5
20260909,trades,MC-08,,0.5
20260910,trades,MC-08,,0.5
20260911,trades,MC-08,,0.5
20260914,trades,MC-08,,0.5
20260915,trades,MC-08,,0.5
20260916,trades,MC-08,,0.5
20260917,trades,MC-08,,0.5
20260918,trades,MC-08,,0.5
20260921,trades,MC-08,,0.5
20260922,trades,MC-08,,0.5
20260923,trades,MC-08,,0.5
20260924,trades,MC-08,,0.5
20260925,trades,MC-08,,0.5
20260928,trades,MC-08,,0.5
20260929,trades,MC-08,,0.5
20260930,trades,MC-08,,0.5
20260901,trades,MC-09,,1.0
20260902,trades,MC-09,,1.0
20260903,trades,MC-09,,1.0
20260904,trades,MC-09,,1.0
20260907,trades,MC-09,,1.0
20260908,trades,MC-09,,1.0
20260909,trades,MC-09,,1.0
20260910,trades,MC-09,,1.0
20260911,trades,MC-09,,1.0
20260914,trades,MC-09,,1.0
20260915,trades,MC-09,,0.5
20260916,trades,MC-09,,0.5
20260917,trades,MC-09,,0.5
20260918,trades,MC-09,,0.5
20260921,trades,MC-09,,0.5
20260922,trades,MC-09,,0.5
20260923,trades,MC-09,,0.5
20260924,trades,MC-09,,0.5
20260925,trades,MC-09,,0.5
20260928,trades,MC-09,,0.5
20260929,trades,MC-09,,0.5
20260930,trades,MC-09,,0.5
20260901,trades,MC-10,,1.0
20260902,trades,MC-10,,1.0
20260903,trades,MC-10,,1.0
20260904,trades,MC-10,,1.0
20260907,trades,MC-10,,1.0
20260908,trades,MC-10,,1.0
20260909,trades,MC-10,,1.0
20260910,trades,MC-10,,1.0
20260911,trades,MC-10,,1.0
20260914,trades,MC-10,,1.0
20260915,trades,MC-10,,1.0
20260916,trades,MC-10,,1.0
20260917,trades,MC-10,,1.0
20260918,trades,MC-10,,1.0
20260921,trades,MC-10,,1.0
20260922,trades,MC-10,,1.0
20260923,trades,MC-10,,0.5
20260924,trades,MC-10,,0.5
20260925,trades,MC-10,,0.5
20260928,trades,MC-10,,0.5
20260929,trades,MC-10,,0.5
20260930,trades,MC-10,,0.5
20260901,trades,MC-11,,1.5
20260902,trades,MC-11,,1.5
20260903,trades,MC-11,,1.0
20260904,trades,MC-11,,1.0
20260907,trades,MC-11,,1.0
20260908,trades,MC-11,,1.0
20260909,trades,MC-11,,1.0
20260910,trades,MC-11,,1.0
20260911,trades,MC-11,,1.0
20260914,trades,MC-11,,1.0
20260915,trades,MC-11,,1.0
20260916,trades,MC-11,,1.0
20260917,trades,MC-11,,1.0
20260918,trades,MC-11,,1.0
20260921,trades,MC-11,,1.0
20260922,trades,MC-11,,1.0
20260923,trades,MC-11,,1.0
20260924,trades,MC-11,,1.0
20260925,trades,MC-11,,1.0
20260928,trades,MC-11,,1.0
20260929,trades,MC-11,,1.0
20260930,trades,MC-11,,1.0
20260901,trades,MC-12,,1.0
20260902,trades,MC-12,,1.0
20260903,trades,MC-12,,1.0
20260904,trades,MC-12,,1.0
20260907,trades,MC-12,,1.0
20260908,trades,MC-12,,1.0
20260909,trades,MC-12,,1.0
20260910,trades,MC-12,,1.0
20260911,trades,MC-12,,0.5
20260914,trades,MC-12,,0.5
20260915,trades,MC-12,,0.5
20260916,trades,MC-12,,0.5
20260917,trades,MC-12,,0.5
20260918,trades,MC-12,,0.5
20260921,trades,MC-12,,0.5
20260922,trades,MC-12,,0.5
20260923,trades,MC-12,,0.5
20260924,trades,MC-12,,0.5
20260925,trades,MC-12,,0.5
20260928,trades,MC-12,,0.5
20260929,trades,MC-12,,0.5
20260930,trades,MC-12,,0.5
20260901,trades,MC-13,,0.5
20260902,trades,MC-13,,0.5
20260903,trades,MC-13,,0.5
20260904,trades,MC-13,,0.5
20260907,trades,MC-13,,0.5
20260908,trades,MC-13,,0.5
20260909,trades,MC-13,,0.5
20260910,trades,MC-13,,0.5
20260911,trades,MC-13,,0.5
20260914,trades,MC-13,,0.5
20260915,trades,MC-13,,0.5
20260916,trades,MC-13,,0.5
20260917,trades,MC-13,,0.5
20260918,trades,MC-13,,0.5
20260921,trades,MC-13,,0.5
20260922,trades,MC-13,,0.5
20260923,trades,MC-13,,0.5
20260924,trades,MC-13,,0.5
20260901,trades,MC-14,,1.0
20260902,trades,MC-14,,1.0
20260903,trades,MC-14,,1.0
20260904,trades,MC-14,,1.0
20260907,trades,MC-14,,1.0
20260908,trades,MC-14,,1.0
20260909,trades,MC-14,,1.0
20260910,trades,MC-14,,1.0
20260911,trades,MC-14,,1.0
20260914,trades,MC-14,,1.0
20260915,trades,MC-14,,1.0
20260916,trades,MC-14,,1.0
20260917,trades,MC-14,,0.5
20260918,trades,MC-14,,0.5
20260921,trades,MC-14,,0.5
20260922,trades,MC-14,,0.5
20260923,trades,MC-14,,0.5
20260924,trades,MC-14,,0.5
20260925,trades,MC-14,,0.5
20260928,trades,MC-14,,0.5
20260929,trades,MC-14,,0.5
20260930,trades,MC-14,,0.5
20260901,trades,J-2604,,37.5
20260902,trades,J-2604,,37.5
20260903,trades,J-2604,,37.5
20260904,trades,J-2604,,37.5
20260903,trades,J-2607,,13.0
20260904,trades,J-2607,,13.0
20260907,trades,J-2607,,13.0
20260908,trades,J-2607,,12.5
20260909,trades,J-2607,,12.5
20260909,trades,J-2611,,9.5
20260910,trades,J-2611,,9.5
20260911,trades,J-2611,,9.0
20260914,trades,J-2611,,9.0
20260915,trades,J-2611,,9.0
20260914,trades,J-2615,,8.0
20260915,trades,J-2615,,7.5
20260916,trades,J-2615,,7.5
20260917,trades,J-2615,,7.5
20260918,trades,J-2615,,7.5
20260917,trades,J-2618,,5.5
20260918,trades,J-2618,,5.5
20260921,trades,J-2618,,5.0
20260922,trades,J-2618,,5.0
20260923,trades,J-2618,,5.0
20260923,trades,J-2620,,10.5
20260924,trades,J-2620,,10.5
20260925,trades,J-2620,,10.5
20260928,trades,J-2620,,10.5
20260929,trades,J-2620,,10.0
20260908,trades,C-0901,,2
20260915,trades,C-0902,,3
20260911,trades,C-0903,,3
20260912,trades,C-0904,,2
20260926,trades,C-0905,,2
20260910,trades,C-0906,,2.5
20260915,trades,C-0907,,3
20260902,trades,C-0908,,1
20260922,trades,C-0909,,4
20260917,trades,C-0910,,3
20260924,trades,C-0911,,3
20260917,trades,C-0912,,1.5
20260904,trades,C-0913,,4
20260904,trades,C-0914,,1.5
20260915,trades,C-0915,,4
20260901,trades,C-0916,,2
20260908,trades,C-0917,,3
20260906,trades,C-0918,,2.5
20260923,trades,C-0919,,2
20260924,trades,C-0920,,2
20260925,trades,C-0921,,3
20260917,trades,C-0922,,2.5
20260922,trades,C-0923,,4
20260928,trades,C-0924,,4
20260926,trades,C-0925,,1.5
20260926,trades,C-0926,,1.5
20260904,trades,C-0927,,2
20260925,trades,C-0928,,2
20260928,trades,C-0929,,4
20260913,trades,C-0930,,3
20260913,trades,C-0931,,2
20260921,trades,C-0932,,2.5
20260908,trades,C-0933,,1.5
20260902,trades,C-0934,,2.5
20260905,trades,C-0935,,2
20260913,trades,C-0936,,1.5
20260918,trades,C-0937,,1.5
20260923,trades,C-0938,,2
20260923,trades,C-0939,,1
20260901,trades,C-0940,,2.5
20260918,trades,C-0941,,1
20260913,trades,C-0942,,3
20260916,trades,C-0943,,1.5
20260921,trades,C-0944,,4
20260917,trades,C-0945,,4
20260908,trades,C-0946,,3
20260901,trades,C-0947,,2.5
20260916,trades,C-0948,,1
20260927,trades,C-0949,,2
20260928,trades,C-0950,,1.5
20260922,trades,C-0951,,3
20260922,trades,C-0952,,2
20260902,trades,C-0953,,1.5
20260906,trades,C-0954,,2
20260914,trades,C-0955,,1
20260910,trades,C-0956,,4
20260927,trades,C-0957,,2
20260917,trades,C-0958,,1.5
20260927,trades,C-0959,,1.5
20260919,trades,C-0960,,2
20260919,trades,C-0961,,1
20260916,trades,C-0962,,1.5
20260915,trades,C-0963,,2.5
20260905,trades,C-0964,,2
20260803,services,,E-311,9.0
20260804,services,,E-311,9.0
20260805,services,,E-311,9.0
20260806,services,,E-311,9.0
20260807,services,,E-311,9.0
20260810,services,,E-311,9.0
20260811,services,,E-311,9.0
20260813,services,,E-311,9.0
20260814,services,,E-311,9.0
20260817,services,,E-311,9.0
20260818,services,,E-311,9.0
20260819,services,,E-311,9.0
20260820,services,,E-311,9.0
20260821,services,,E-311,9.0
20260824,services,,E-311,9.0
20260825,services,,E-311,9.0
20260826,services,,E-311,9.0
20260827,services,,E-311,9.0
20260828,services,,E-311,9.0
20260831,services,,E-311,9.0
20260803,services,,E-314,3.0
20260804,services,,E-314,3.0
20260805,services,,E-314,3.0
20260806,services,,E-314,3.0
20260807,services,,E-314,3.0
20260810,services,,E-314,3.0
20260811,services,,E-314,3.0
20260813,services,,E-314,3.0
20260814,services,,E-314,3.0
20260817,services,,E-314,3.0
20260818,services,,E-314,3.0
20260819,services,,E-314,3.0
20260820,services,,E-314,3.0
20260821,services,,E-314,3.0
20260824,services,,E-314,3.0
20260825,services,,E-314,3.0
20260826,services,,E-314,3.0
20260827,services,,E-314,3.0
20260828,services,,E-314,3.0
20260831,services,,E-314,3.0
20260803,services,,E-316,4.5
20260804,services,,E-316,4.5
20260805,services,,E-316,4.5
20260806,services,,E-316,4.5
20260807,services,,E-316,4.5
20260810,services,,E-316,4.5
20260811,services,,E-316,4.5
20260813,services,,E-316,4.5
20260814,services,,E-316,4.5
20260817,services,,E-316,4.5
20260818,services,,E-316,4.5
20260819,services,,E-316,4.5
20260820,services,,E-316,4.5
20260821,services,,E-316,4.5
20260824,services,,E-316,4.5
20260825,services,,E-316,4.5
20260826,services,,E-316,4.0
20260827,services,,E-316,4.0
20260828,services,,E-316,4.0
20260831,services,,E-316,4.0
20260803,services,,E-320,5.0
20260804,services,,E-320,5.0
20260805,services,,E-320,5.0
20260806,services,,E-320,5.0
20260807,services,,E-320,5.0
20260810,services,,E-320,5.0
20260811,services,,E-320,5.0
20260813,services,,E-320,5.0
20260814,services,,E-320,5.0
20260817,services,,E-320,5.0
20260818,services,,E-320,5.0
20260819,services,,E-320,5.0
20260820,services,,E-320,5.0
20260821,services,,E-320,5.0
20260824,services,,E-320,5.0
20260825,services,,E-320,5.0
20260826,services,,E-320,5.0
20260827,services,,E-320,5.0
20260828,services,,E-320,5.0
20260831,services,,E-320,5.0
20260803,services,,R-102,3.0
20260804,services,,R-102,3.0
20260805,services,,R-102,3.0
20260806,services,,R-102,3.0
20260807,services,,R-102,3.0
20260810,services,,R-102,3.0
20260811,services,,R-102,3.0
20260813,services,,R-102,3.0
20260814,services,,R-102,3.0
20260817,services,,R-102,3.0
20260818,services,,R-102,3.0
20260819,services,,R-102,3.0
20260820,services,,R-102,2.5
20260821,services,,R-102,2.5
20260824,services,,R-102,2.5
20260825,services,,R-102,2.5
20260826,services,,R-102,2.5
20260827,services,,R-102,2.5
20260828,services,,R-102,2.5
20260831,services,,R-102,2.5
20260803,services,,R-105,2.5
20260804,services,,R-105,2.5
20260805,services,,R-105,2.5
20260806,services,,R-105,2.5
20260807,services,,R-105,2.0
20260810,services,,R-105,2.0
20260811,services,,R-105,2.0
20260813,services,,R-105,2.0
20260814,services,,R-105,2.0
20260817,services,,R-105,2.0
20260818,services,,R-105,2.0
20260819,services,,R-105,2.0
20260820,services,,R-105,2.0
20260821,services,,R-105,2.0
20260824,services,,R-105,2.0
20260825,services,,R-105,2.0
20260826,services,,R-105,2.0
20260827,services,,R-105,2.0
20260828,services,,R-105,2.0
20260831,services,,R-105,2.0
20260803,services,,R-108,3.5
20260804,services,,R-108,3.5
20260805,services,,R-108,3.5
20260806,services,,R-108,3.5
20260807,services,,R-108,3.5
20260810,services,,R-108,3.5
20260811,services,,R-108,3.5
20260813,services,,R-108,3.5
20260814,services,,R-108,3.5
20260817,services,,R-108,3.5
20260818,services,,R-108,3.5
20260819,services,,R-108,3.5
20260820,services,,R-108,3.5
20260821,services,,R-108,3.5
20260824,services,,R-108,3.5
20260825,services,,R-108,3.5
20260826,services,,R-108,3.0
20260827,services,,R-108,3.0
20260828,services,,R-108,3.0
20260831,services,,R-108,3.0
20260803,services,,R-110,2.0
20260804,services,,R-110,2.0
20260805,services,,R-110,2.0
20260806,services,,R-110,2.0
20260807,services,,R-110,2.0
20260810,services,,R-110,2.0
20260811,services,,R-110,2.0
20260813,services,,R-110,2.0
20260814,services,,R-110,1.5
20260817,services,,R-110,1.5
20260818,services,,R-110,1.5
20260819,services,,R-110,1.5
20260820,services,,R-110,1.5
20260821,services,,R-110,1.5
20260824,services,,R-110,1.5
20260825,services,,R-110,1.5
20260826,services,,R-110,1.5
20260827,services,,R-110,1.5
20260828,services,,R-110,1.5
20260831,services,,R-110,1.5
20260825,services,,T-205,20.0
20260901,services,,E-311,10.0
20260902,services,,E-311,10.0
20260903,services,,E-311,9.5
20260904,services,,E-311,9.5
20260907,services,,E-311,9.5
20260908,services,,E-311,9.5
20260909,services,,E-311,9.5
20260910,services,,E-311,9.5
20260911,services,,E-311,9.5
20260914,services,,E-311,9.5
20260915,services,,E-311,9.5
20260916,services,,E-311,9.5
20260917,services,,E-311,9.5
20260918,services,,E-311,9.5
20260921,services,,E-311,9.5
20260922,services,,E-311,9.5
20260923,services,,E-311,9.5
20260924,services,,E-311,9.5
20260925,services,,E-311,9.5
20260928,services,,E-311,9.5
20260929,services,,E-311,9.5
20260930,services,,E-311,9.5
20260901,services,,E-314,4.5
20260902,services,,E-314,4.5
20260903,services,,E-314,4.5
20260904,services,,E-314,4.5
20260907,services,,E-314,4.5
20260908,services,,E-314,4.5
20260909,services,,E-314,4.5
20260910,services,,E-314,4.5
20260911,services,,E-314,4.5
20260914,services,,E-314,4.5
20260915,services,,E-314,4.5
20260916,services,,E-314,4.5
20260917,services,,E-314,4.5
20260918,services,,E-314,4.5
20260921,services,,E-314,4.5
20260922,services,,E-314,4.5
20260923,services,,E-314,4.0
20260924,services,,E-314,4.0
20260925,services,,E-314,4.0
20260928,services,,E-314,4.0
20260929,services,,E-314,4.0
20260930,services,,E-314,4.0
20260901,services,,E-318,3.0
20260902,services,,E-318,3.0
20260903,services,,E-318,3.0
20260904,services,,E-318,3.0
20260907,services,,E-318,3.0
20260908,services,,E-318,3.0
20260909,services,,E-318,3.0
20260910,services,,E-318,3.0
20260911,services,,E-318,3.0
20260914,services,,E-318,3.0
20260915,services,,E-318,3.0
20260916,services,,E-318,3.0
20260917,services,,E-318,3.0
20260918,services,,E-318,3.0
20260921,services,,E-318,3.0
20260922,services,,E-318,3.0
20260923,services,,E-318,3.0
20260924,services,,E-318,3.0
20260925,services,,E-318,2.5
20260928,services,,E-318,2.5
20260929,services,,E-318,2.5
20260930,services,,E-318,2.5
20260901,services,,E-320,5.5
20260902,services,,E-320,5.5
20260903,services,,E-320,5.5
20260904,services,,E-320,5.5
20260907,services,,E-320,5.5
20260908,services,,E-320,5.5
20260909,services,,E-320,5.5
20260910,services,,E-320,5.5
20260911,services,,E-320,5.5
20260914,services,,E-320,5.5
20260915,services,,E-320,5.5
20260916,services,,E-320,5.5
20260917,services,,E-320,5.5
20260918,services,,E-320,5.5
20260921,services,,E-320,5.5
20260922,services,,E-320,5.5
20260923,services,,E-320,5.5
20260924,services,,E-320,5.5
20260925,services,,E-320,5.5
20260928,services,,E-320,5.5
20260929,services,,E-320,5.0
20260930,services,,E-320,5.0
20260901,services,,R-102,3.0
20260902,services,,R-102,3.0
20260903,services,,R-102,3.0
20260904,services,,R-102,3.0
20260907,services,,R-102,3.0
20260908,services,,R-102,3.0
20260909,services,,R-102,2.5
20260910,services,,R-102,2.5
20260911,services,,R-102,2.5
20260914,services,,R-102,2.5
20260915,services,,R-102,2.5
20260916,services,,R-102,2.5
20260917,services,,R-102,2.5
20260918,services,,R-102,2.5
20260921,services,,R-102,2.5
20260922,services,,R-102,2.5
20260923,services,,R-102,2.5
20260924,services,,R-102,2.5
20260925,services,,R-102,2.5
20260928,services,,R-102,2.5
20260929,services,,R-102,2.5
20260930,services,,R-102,2.5
20260901,services,,R-105,2.0
20260902,services,,R-105,2.0
20260903,services,,R-105,2.0
20260904,services,,R-105,2.0
20260907,services,,R-105,2.0
20260908,services,,R-105,2.0
20260909,services,,R-105,2.0
20260910,services,,R-105,2.0
20260911,services,,R-105,2.0
20260914,services,,R-105,2.0
20260915,services,,R-105,2.0
20260916,services,,R-105,2.0
20260917,services,,R-105,2.0
20260918,services,,R-105,2.0
20260921,services,,R-105,2.0
20260922,services,,R-105,2.0
20260923,services,,R-105,2.0
20260924,services,,R-105,2.0
20260925,services,,R-105,2.0
20260928,services,,R-105,2.0
20260929,services,,R-105,2.0
20260930,services,,R-105,2.0
20260901,services,,R-108,3.5
20260902,services,,R-108,3.5
20260903,services,,R-108,3.5
20260904,services,,R-108,3.5
20260907,services,,R-108,3.5
20260908,services,,R-108,3.5
20260909,services,,R-108,3.5
20260910,services,,R-108,3.5
20260911,services,,R-108,3.0
20260914,services,,R-108,3.0
20260915,services,,R-108,3.0
20260916,services,,R-108,3.0
20260917,services,,R-108,3.0
20260918,services,,R-108,3.0
20260921,services,,R-108,3.0
20260922,services,,R-108,3.0
20260923,services,,R-108,3.0
20260924,services,,R-108,3.0
20260925,services,,R-108,3.0
20260928,services,,R-108,3.0
20260929,services,,R-108,3.0
20260930,services,,R-108,3.0
20260901,services,,R-110,2.0
20260902,services,,R-110,2.0
20260903,services,,R-110,2.0
20260904,services,,R-110,2.0
20260907,services,,R-110,2.0
20260908,services,,R-110,2.0
20260909,services,,R-110,1.5
20260910,services,,R-110,1.5
20260911,services,,R-110,1.5
20260914,services,,R-110,1.5
20260915,services,,R-110,1.5
20260916,services,,R-110,1.5
20260917,services,,R-110,1.5
20260918,services,,R-110,1.5
20260921,services,,R-110,1.5
20260922,services,,R-110,1.5
20260923,services,,R-110,1.5
20260924,services,,R-110,1.5
20260925,services,,R-110,1.5
20260928,services,,R-110,1.5
20260929,services,,R-110,1.5
20260930,services,,R-110,1.5
20260908,services,,T-207,30.0
20260916,services,,T-209,14.0
