org_id,invoice_id,job_id,engagement_id,invoice_date,paid_date,amount
trades,INV-MC-01-05,MC-01,,2026-05-01,2026-05-26,3200
trades,INV-MC-02-05,MC-02,,2026-05-01,2026-05-31,1800
trades,INV-MC-03-05,MC-03,,2026-05-01,2026-05-26,4200
trades,INV-MC-04-05,MC-04,,2026-05-01,2026-05-31,3600
trades,INV-MC-05-05,MC-05,,2026-05-01,2026-06-08,1600
trades,INV-MC-06-05,MC-06,,2026-05-01,2026-05-31,2400
trades,INV-MC-07-05,MC-07,,2026-05-01,2026-05-26,3900
trades,INV-MC-08-05,MC-08,,2026-05-01,2026-06-03,2200
trades,INV-MC-09-05,MC-09,,2026-05-01,2026-05-26,2800
trades,INV-MC-10-05,MC-10,,2026-05-01,2026-06-08,3400
trades,INV-MC-11-05,MC-11,,2026-05-01,2026-06-08,4100
trades,INV-MC-12-05,MC-12,,2026-05-01,2026-05-31,2600
trades,INV-MC-13-05,MC-13,,2026-05-01,2026-05-31,1700
trades,INV-MC-14-05,MC-14,,2026-05-01,2026-06-03,3000
trades,INV-J-2500-05,J-2500,,2026-05-06,2026-05-20,32000
trades,INV-J-2501-05,J-2501,,2026-05-05,2026-06-19,10400
trades,INV-J-2502-05,J-2502,,2026-05-18,2026-07-02,39300
trades,INV-J-2503-05,J-2503,,2026-05-09,2026-06-08,10700
trades,INV-C-0501-05,C-0501,,2026-05-11,2026-05-18,504
trades,INV-C-0502-05,C-0502,,2026-05-15,2026-05-17,708
trades,INV-C-0503-05,C-0503,,2026-05-02,2026-05-02,643
trades,INV-C-0504-05,C-0504,,2026-05-07,2026-05-14,643
trades,INV-C-0505-05,C-0505,,2026-05-03,2026-06-02,524
trades,INV-C-0506-05,C-0506,,2026-05-14,2026-05-21,589
trades,INV-C-0507-05,C-0507,,2026-05-19,2026-06-18,537
trades,INV-C-0508-05,C-0508,,2026-05-19,2026-05-26,723
trades,INV-C-0509-05,C-0509,,2026-05-24,2026-05-26,671
trades,INV-C-0510-05,C-0510,,2026-05-04,2026-05-04,355
trades,INV-C-0511-05,C-0511,,2026-05-10,2026-05-10,736
trades,INV-C-0512-05,C-0512,,2026-05-07,2026-05-21,617
trades,INV-C-0513-05,C-0513,,2026-05-25,2026-05-25,262
trades,INV-C-0514-05,C-0514,,2026-05-09,2026-05-09,498
trades,INV-C-0515-05,C-0515,,2026-05-18,2026-05-25,407
trades,INV-C-0516-05,C-0516,,2026-05-01,2026-05-08,467
trades,INV-C-0517-05,C-0517,,2026-05-23,2026-05-30,275
trades,INV-C-0518-05,C-0518,,2026-05-20,2026-05-20,407
trades,INV-C-0519-05,C-0519,,2026-05-28,2026-06-11,669
trades,INV-C-0520-05,C-0520,,2026-05-05,2026-05-19,552
trades,INV-C-0521-05,C-0521,,2026-05-04,2026-06-03,461
trades,INV-C-0522-05,C-0522,,2026-05-12,2026-06-11,697
trades,INV-C-0523-05,C-0523,,2026-05-14,2026-05-21,539
trades,INV-C-0524-05,C-0524,,2026-05-22,2026-05-22,682
trades,INV-C-0525-05,C-0525,,2026-05-19,2026-05-19,472
trades,INV-C-0526-05,C-0526,,2026-05-14,2026-05-21,309
trades,INV-C-0527-05,C-0527,,2026-05-11,2026-05-25,762
trades,INV-C-0528-05,C-0528,,2026-05-28,2026-05-28,474
trades,INV-C-0529-05,C-0529,,2026-05-14,2026-05-28,879
trades,INV-C-0530-05,C-0530,,2026-05-13,2026-05-15,669
trades,INV-C-0531-05,C-0531,,2026-05-22,2026-05-22,433
trades,INV-C-0532-05,C-0532,,2026-05-20,2026-05-20,519
trades,INV-C-0533-05,C-0533,,2026-05-19,2026-05-19,474
trades,INV-C-0534-05,C-0534,,2026-05-22,2026-06-05,695
trades,INV-C-0535-05,C-0535,,2026-05-15,2026-05-15,532
trades,INV-C-0536-05,C-0536,,2026-05-02,2026-05-04,721
trades,INV-C-0537-05,C-0537,,2026-05-26,2026-06-25,643
trades,INV-C-0538-05,C-0538,,2026-05-01,2026-05-31,355
trades,INV-C-0539-05,C-0539,,2026-05-13,2026-05-13,506
trades,INV-C-0540-05,C-0540,,2026-05-01,2026-05-15,519
trades,INV-C-0541-05,C-0541,,2026-05-10,2026-05-10,283
trades,INV-C-0542-05,C-0542,,2026-05-09,2026-05-09,441
trades,INV-C-0543-05,C-0543,,2026-05-06,2026-05-06,662
trades,INV-C-0544-05,C-0544,,2026-05-07,2026-05-14,506
trades,INV-C-0545-05,C-0545,,2026-05-21,2026-05-21,656
trades,INV-C-0546-05,C-0546,,2026-05-22,2026-05-22,623
trades,INV-C-0547-05,C-0547,,2026-05-17,2026-05-17,591
trades,INV-C-0548-05,C-0548,,2026-05-23,2026-05-30,368
trades,INV-C-0549-05,C-0549,,2026-05-15,2026-06-14,210
trades,INV-C-0550-05,C-0550,,2026-05-17,2026-05-24,342
trades,INV-C-0551-05,C-0551,,2026-05-15,2026-05-15,550
trades,INV-C-0552-05,C-0552,,2026-05-26,2026-05-28,257
trades,INV-C-0553-05,C-0553,,2026-05-27,2026-06-10,461
trades,INV-C-0554-05,C-0554,,2026-05-23,2026-05-25,524
trades,INV-C-0555-05,C-0555,,2026-05-04,2026-05-18,461
trades,INV-MC-01-06,MC-01,,2026-06-01,2026-07-04,3200
trades,INV-MC-02-06,MC-02,,2026-06-01,2026-07-09,1800
trades,INV-MC-03-06,MC-03,,2026-06-01,2026-07-04,4200
trades,INV-MC-04-06,MC-04,,2026-06-01,2026-07-09,3600
trades,INV-MC-05-06,MC-05,,2026-06-01,2026-07-09,1600
trades,INV-MC-06-06,MC-06,,2026-06-01,2026-07-09,2400
trades,INV-MC-07-06,MC-07,,2026-06-01,2026-07-09,3900
trades,INV-MC-08-06,MC-08,,2026-06-01,2026-07-01,2200
trades,INV-MC-09-06,MC-09,,2026-06-01,2026-07-04,2800
trades,INV-MC-10-06,MC-10,,2026-06-01,2026-07-01,3400
trades,INV-MC-11-06,MC-11,,2026-06-01,2026-07-01,4100
trades,INV-MC-12-06,MC-12,,2026-06-01,2026-06-26,2600
trades,INV-MC-13-06,MC-13,,2026-06-01,2026-07-04,1700
trades,INV-MC-14-06,MC-14,,2026-06-01,2026-07-04,3000
trades,INV-J-2520-06,J-2520,,2026-06-15,2026-07-06,18400
trades,INV-J-2521-06,J-2521,,2026-06-15,2026-07-15,36900
trades,INV-J-2522-06,J-2522,,2026-06-25,2026-08-09,9800
trades,INV-J-2523-06,J-2523,,2026-06-20,2026-08-04,15100
trades,INV-J-2524-06,J-2524,,2026-06-18,2026-08-02,23000
trades,INV-C-0601-06,C-0601,,2026-06-07,2026-06-07,734
trades,INV-C-0602-06,C-0602,,2026-06-21,2026-06-28,223
trades,INV-C-0603-06,C-0603,,2026-06-19,2026-06-19,524
trades,INV-C-0604-06,C-0604,,2026-06-17,2026-06-17,420
trades,INV-C-0605-06,C-0605,,2026-06-24,2026-06-24,461
trades,INV-C-0606-06,C-0606,,2026-06-06,2026-06-06,296
trades,INV-C-0607-06,C-0607,,2026-06-09,2026-06-16,314
trades,INV-C-0608-06,C-0608,,2026-06-02,2026-06-04,498
trades,INV-C-0609-06,C-0609,,2026-06-26,2026-07-03,500
trades,INV-C-0610-06,C-0610,,2026-06-17,2026-07-17,658
trades,INV-C-0611-06,C-0611,,2026-06-28,2026-06-30,662
trades,INV-C-0612-06,C-0612,,2026-06-12,2026-06-12,723
trades,INV-C-0613-06,C-0613,,2026-06-13,2026-06-27,658
trades,INV-C-0614-06,C-0614,,2026-06-18,2026-07-18,591
trades,INV-C-0615-06,C-0615,,2026-06-26,2026-06-26,244
trades,INV-C-0616-06,C-0616,,2026-06-08,2026-06-08,400
trades,INV-C-0617-06,C-0617,,2026-06-25,2026-07-09,389
trades,INV-C-0618-06,C-0618,,2026-06-18,2026-06-25,636
trades,INV-C-0619-06,C-0619,,2026-06-10,2026-06-17,524
trades,INV-C-0620-06,C-0620,,2026-06-26,2026-07-10,519
trades,INV-C-0621-06,C-0621,,2026-06-20,2026-06-20,552
trades,INV-C-0622-06,C-0622,,2026-06-06,2026-06-13,355
trades,INV-C-0623-06,C-0623,,2026-06-06,2026-06-06,381
trades,INV-C-0624-06,C-0624,,2026-06-23,2026-06-23,656
trades,INV-C-0625-06,C-0625,,2026-06-27,2026-06-29,288
trades,INV-C-0626-06,C-0626,,2026-06-08,2026-06-10,197
trades,INV-C-0627-06,C-0627,,2026-06-20,2026-06-20,643
trades,INV-C-0628-06,C-0628,,2026-06-20,2026-06-27,879
trades,INV-C-0629-06,C-0629,,2026-06-17,2026-06-17,697
trades,INV-C-0630-06,C-0630,,2026-06-03,2026-06-17,537
trades,INV-C-0631-06,C-0631,,2026-06-17,2026-06-17,262
trades,INV-C-0632-06,C-0632,,2026-06-13,2026-06-15,840
trades,INV-C-0633-06,C-0633,,2026-06-05,2026-07-05,645
trades,INV-C-0634-06,C-0634,,2026-06-08,2026-06-22,775
trades,INV-C-0635-06,C-0635,,2026-06-16,2026-07-16,658
trades,INV-C-0636-06,C-0636,,2026-06-09,2026-06-09,801
trades,INV-C-0637-06,C-0637,,2026-06-03,2026-06-03,697
trades,INV-C-0638-06,C-0638,,2026-06-21,2026-06-21,426
trades,INV-C-0639-06,C-0639,,2026-06-04,2026-07-04,658
trades,INV-C-0640-06,C-0640,,2026-06-26,2026-07-26,539
trades,INV-C-0641-06,C-0641,,2026-06-08,2026-06-08,329
trades,INV-C-0642-06,C-0642,,2026-06-13,2026-06-13,472
trades,INV-C-0643-06,C-0643,,2026-06-19,2026-06-26,348
trades,INV-C-0644-06,C-0644,,2026-06-20,2026-07-04,563
trades,INV-C-0645-06,C-0645,,2026-06-08,2026-06-08,513
trades,INV-C-0646-06,C-0646,,2026-06-01,2026-06-08,487
trades,INV-C-0647-06,C-0647,,2026-06-21,2026-07-21,511
trades,INV-C-0648-06,C-0648,,2026-06-19,2026-06-19,500
trades,INV-C-0649-06,C-0649,,2026-06-28,2026-06-28,762
trades,INV-C-0650-06,C-0650,,2026-06-20,2026-06-20,389
trades,INV-C-0651-06,C-0651,,2026-06-21,2026-06-28,491
trades,INV-C-0652-06,C-0652,,2026-06-21,2026-06-21,374
trades,INV-C-0653-06,C-0653,,2026-06-05,2026-06-05,472
trades,INV-C-0654-06,C-0654,,2026-06-11,2026-07-11,184
trades,INV-C-0655-06,C-0655,,2026-06-16,2026-06-16,736
trades,INV-C-0656-06,C-0656,,2026-06-08,2026-06-15,433
trades,INV-C-0657-06,C-0657,,2026-06-17,2026-07-17,439
trades,INV-MC-01-07,MC-01,,2026-07-01,2026-08-03,3200
trades,INV-MC-02-07,MC-02,,2026-07-01,2026-08-03,1800
trades,INV-MC-03-07,MC-03,,2026-07-01,2026-08-08,4200
trades,INV-MC-04-07,MC-04,,2026-07-01,2026-07-31,3600
trades,INV-MC-05-07,MC-05,,2026-07-01,2026-07-31,1600
trades,INV-MC-06-07,MC-06,,2026-07-01,2026-07-26,2400
trades,INV-MC-07-07,MC-07,,2026-07-01,2026-07-31,3900
trades,INV-MC-08-07,MC-08,,2026-07-01,2026-08-03,2200
trades,INV-MC-09-07,MC-09,,2026-07-01,2026-07-26,2800
trades,INV-MC-10-07,MC-10,,2026-07-01,2026-08-03,3400
trades,INV-MC-11-07,MC-11,,2026-07-01,2026-08-08,4100
trades,INV-MC-12-07,MC-12,,2026-07-01,2026-07-31,2600
trades,INV-MC-13-07,MC-13,,2026-07-01,2026-07-26,1700
trades,INV-MC-14-07,MC-14,,2026-07-01,2026-08-08,3000
trades,INV-J-2540-07,J-2540,,2026-07-07,2026-08-06,30500
trades,INV-J-2541-07,J-2541,,2026-07-06,2026-07-27,34600
trades,INV-J-2542-07,J-2542,,2026-07-02,2026-07-16,29200
trades,INV-J-2543-07,J-2543,,2026-07-03,2026-07-24,33300
trades,INV-C-0701-07,C-0701,,2026-07-24,2026-07-26,578
trades,INV-C-0702-07,C-0702,,2026-07-28,2026-07-28,478
trades,INV-C-0703-07,C-0703,,2026-07-02,2026-07-02,329
trades,INV-C-0704-07,C-0704,,2026-07-23,2026-08-06,431
trades,INV-C-0705-07,C-0705,,2026-07-07,2026-08-06,433
trades,INV-C-0706-07,C-0706,,2026-07-07,2026-07-07,749
trades,INV-C-0707-07,C-0707,,2026-07-16,2026-07-30,426
trades,INV-C-0708-07,C-0708,,2026-07-20,2026-07-27,394
trades,INV-C-0709-07,C-0709,,2026-07-19,2026-07-19,500
trades,INV-C-0710-07,C-0710,,2026-07-07,2026-08-06,405
trades,INV-C-0711-07,C-0711,,2026-07-23,2026-07-23,721
trades,INV-C-0712-07,C-0712,,2026-07-18,2026-07-18,576
trades,INV-C-0713-07,C-0713,,2026-07-27,2026-07-27,223
trades,INV-C-0714-07,C-0714,,2026-07-11,2026-08-10,389
trades,INV-C-0715-07,C-0715,,2026-07-19,2026-07-19,439
trades,INV-C-0716-07,C-0716,,2026-07-09,2026-07-16,762
trades,INV-C-0717-07,C-0717,,2026-07-22,2026-07-22,322
trades,INV-C-0718-07,C-0718,,2026-07-10,2026-07-17,669
trades,INV-C-0719-07,C-0719,,2026-07-03,2026-07-10,658
trades,INV-C-0720-07,C-0720,,2026-07-02,2026-07-09,361
trades,INV-C-0721-07,C-0721,,2026-07-27,2026-07-27,392
trades,INV-C-0722-07,C-0722,,2026-07-20,2026-07-22,485
trades,INV-C-0723-07,C-0723,,2026-07-06,2026-07-13,342
trades,INV-C-0724-07,C-0724,,2026-07-23,2026-08-22,597
trades,INV-C-0725-07,C-0725,,2026-07-13,2026-07-27,361
trades,INV-C-0726-07,C-0726,,2026-07-16,2026-07-16,275
trades,INV-C-0727-07,C-0727,,2026-07-04,2026-07-04,342
trades,INV-C-0728-07,C-0728,,2026-07-25,2026-07-25,283
trades,INV-C-0729-07,C-0729,,2026-07-17,2026-08-16,342
trades,INV-C-0730-07,C-0730,,2026-07-19,2026-08-02,827
trades,INV-C-0731-07,C-0731,,2026-07-16,2026-07-18,656
trades,INV-C-0732-07,C-0732,,2026-07-09,2026-07-16,428
trades,INV-C-0733-07,C-0733,,2026-07-18,2026-07-25,506
trades,INV-C-0734-07,C-0734,,2026-07-08,2026-08-07,381
trades,INV-C-0735-07,C-0735,,2026-07-26,2026-08-02,584
trades,INV-C-0736-07,C-0736,,2026-07-18,2026-07-25,461
trades,INV-C-0737-07,C-0737,,2026-07-01,2026-07-08,322
trades,INV-C-0738-07,C-0738,,2026-07-09,2026-07-16,394
trades,INV-C-0739-07,C-0739,,2026-07-04,2026-08-03,879
trades,INV-C-0740-07,C-0740,,2026-07-06,2026-07-06,407
trades,INV-C-0741-07,C-0741,,2026-07-14,2026-08-13,656
trades,INV-C-0742-07,C-0742,,2026-07-03,2026-07-03,461
trades,INV-C-0743-07,C-0743,,2026-07-25,2026-07-27,506
trades,INV-C-0744-07,C-0744,,2026-07-11,2026-07-13,301
trades,INV-C-0745-07,C-0745,,2026-07-06,2026-08-05,342
trades,INV-C-0746-07,C-0746,,2026-07-04,2026-07-04,381
trades,INV-C-0747-07,C-0747,,2026-07-10,2026-07-17,550
trades,INV-C-0748-07,C-0748,,2026-07-11,2026-08-10,519
trades,INV-C-0749-07,C-0749,,2026-07-11,2026-07-11,288
trades,INV-C-0750-07,C-0750,,2026-07-21,2026-07-21,361
trades,INV-C-0751-07,C-0751,,2026-07-05,2026-07-05,708
trades,INV-C-0752-07,C-0752,,2026-07-04,2026-07-06,322
trades,INV-C-0753-07,C-0753,,2026-07-08,2026-07-22,459
trades,INV-C-0754-07,C-0754,,2026-07-27,2026-07-27,184
trades,INV-MC-01-08,MC-01,,2026-08-01,2026-09-03,3200
trades,INV-MC-02-08,MC-02,,2026-08-01,2026-08-26,1800
trades,INV-MC-03-08,MC-03,,2026-08-01,2026-08-26,4200
trades,INV-MC-04-08,MC-04,,2026-08-01,2026-08-26,3600
trades,INV-MC-05-08,MC-05,,2026-08-01,2026-08-26,1600
trades,INV-MC-06-08,MC-06,,2026-08-01,2026-08-31,2400
trades,INV-MC-07-08,MC-07,,2026-08-01,2026-09-08,3900
trades,INV-MC-08-08,MC-08,,2026-08-01,2026-08-26,2200
trades,INV-MC-09-08,MC-09,,2026-08-01,2026-08-31,2800
trades,INV-MC-10-08,MC-10,,2026-08-01,2026-08-31,3400
trades,INV-MC-11-08,MC-11,,2026-08-01,2026-09-03,4100
trades,INV-MC-12-08,MC-12,,2026-08-01,2026-08-26,2600
trades,INV-MC-13-08,MC-13,,2026-08-01,2026-08-31,1700
trades,INV-MC-14-08,MC-14,,2026-08-01,2026-09-03,3000
trades,INV-J-2588-08,J-2588,,2026-08-07,2026-09-06,38500
trades,INV-J-2591-08,J-2591,,2026-08-14,2026-09-13,21300
trades,INV-J-2594-08,J-2594,,2026-08-19,2026-09-09,16800
trades,INV-J-2597-08,J-2597,,2026-08-24,2026-09-07,19600
trades,INV-J-2599-08,J-2599,,2026-08-28,2026-09-27,13400
trades,INV-C-0801-08,C-0801,,2026-08-24,2026-09-07,853
trades,INV-C-0802-08,C-0802,,2026-08-19,2026-08-19,368
trades,INV-C-0803-08,C-0803,,2026-08-01,2026-08-08,322
trades,INV-C-0804-08,C-0804,,2026-08-06,2026-08-06,327
trades,INV-C-0805-08,C-0805,,2026-08-26,2026-09-02,493
trades,INV-C-0806-08,C-0806,,2026-08-11,2026-08-11,552
trades,INV-C-0807-08,C-0807,,2026-08-13,2026-08-20,171
trades,INV-C-0808-08,C-0808,,2026-08-03,2026-08-17,695
trades,INV-C-0809-08,C-0809,,2026-08-21,2026-08-23,788
trades,INV-C-0810-08,C-0810,,2026-08-08,2026-09-07,342
trades,INV-C-0811-08,C-0811,,2026-08-03,2026-08-10,474
trades,INV-C-0812-08,C-0812,,2026-08-27,2026-08-29,708
trades,INV-C-0813-08,C-0813,,2026-08-12,2026-08-12,381
trades,INV-C-0814-08,C-0814,,2026-08-05,2026-09-04,695
trades,INV-C-0815-08,C-0815,,2026-08-09,2026-08-23,539
trades,INV-C-0816-08,C-0816,,2026-08-22,2026-09-21,840
trades,INV-C-0817-08,C-0817,,2026-08-17,2026-08-17,866
trades,INV-C-0818-08,C-0818,,2026-08-19,2026-08-26,604
trades,INV-C-0819-08,C-0819,,2026-08-11,2026-08-25,524
trades,INV-C-0820-08,C-0820,,2026-08-26,2026-08-28,658
trades,INV-C-0821-08,C-0821,,2026-08-18,2026-08-18,511
trades,INV-C-0822-08,C-0822,,2026-08-25,2026-09-01,433
trades,INV-C-0823-08,C-0823,,2026-08-13,2026-08-20,439
trades,INV-C-0824-08,C-0824,,2026-08-22,2026-08-29,617
trades,INV-C-0825-08,C-0825,,2026-08-22,2026-08-22,478
trades,INV-C-0826-08,C-0826,,2026-08-14,2026-08-14,682
trades,INV-C-0827-08,C-0827,,2026-08-03,2026-09-02,571
trades,INV-C-0828-08,C-0828,,2026-08-22,2026-08-22,493
trades,INV-C-0829-08,C-0829,,2026-08-27,2026-08-27,669
trades,INV-C-0830-08,C-0830,,2026-08-11,2026-08-11,467
trades,INV-C-0831-08,C-0831,,2026-08-24,2026-08-24,537
trades,INV-C-0832-08,C-0832,,2026-08-11,2026-08-18,623
trades,INV-C-0833-08,C-0833,,2026-08-03,2026-08-03,472
trades,INV-C-0834-08,C-0834,,2026-08-15,2026-08-15,517
trades,INV-C-0835-08,C-0835,,2026-08-05,2026-08-05,526
trades,INV-C-0836-08,C-0836,,2026-08-12,2026-08-19,658
trades,INV-C-0837-08,C-0837,,2026-08-11,2026-08-11,420
trades,INV-C-0838-08,C-0838,,2026-08-25,2026-09-24,656
trades,INV-C-0839-08,C-0839,,2026-08-25,2026-09-01,446
trades,INV-C-0840-08,C-0840,,2026-08-28,2026-08-28,441
trades,INV-C-0841-08,C-0841,,2026-08-15,2026-08-15,402
trades,INV-C-0842-08,C-0842,,2026-08-23,2026-08-30,710
trades,INV-C-0843-08,C-0843,,2026-08-08,2026-09-07,355
trades,INV-C-0844-08,C-0844,,2026-08-04,2026-09-03,335
trades,INV-C-0845-08,C-0845,,2026-08-14,2026-08-14,301
trades,INV-C-0846-08,C-0846,,2026-08-12,2026-08-26,734
trades,INV-C-0847-08,C-0847,,2026-08-08,2026-08-08,270
trades,INV-C-0848-08,C-0848,,2026-08-16,2026-08-18,394
trades,INV-C-0849-08,C-0849,,2026-08-28,2026-08-28,288
trades,INV-C-0850-08,C-0850,,2026-08-01,2026-08-15,314
trades,INV-C-0851-08,C-0851,,2026-08-10,2026-08-24,340
trades,INV-C-0852-08,C-0852,,2026-08-03,2026-08-10,262
trades,INV-C-0853-08,C-0853,,2026-08-24,2026-08-24,643
trades,INV-C-0854-08,C-0854,,2026-08-04,2026-08-04,210
trades,INV-C-0855-08,C-0855,,2026-08-06,2026-08-08,526
trades,INV-C-0856-08,C-0856,,2026-08-22,2026-08-22,270
trades,INV-C-0857-08,C-0857,,2026-08-23,2026-08-23,342
trades,INV-C-0858-08,C-0858,,2026-08-22,2026-08-29,355
trades,INV-MC-01-09,MC-01,,2026-09-01,2026-10-01,3200
trades,INV-MC-02-09,MC-02,,2026-09-01,2026-10-01,1800
trades,INV-MC-03-09,MC-03,,2026-09-01,2026-10-09,4200
trades,INV-MC-04-09,MC-04,,2026-09-01,2026-10-01,3600
trades,INV-MC-05-09,MC-05,,2026-09-01,2026-10-09,1600
trades,INV-MC-06-09,MC-06,,2026-09-01,2026-10-09,2400
trades,INV-MC-07-09,MC-07,,2026-09-01,2026-10-09,3900
trades,INV-MC-08-09,MC-08,,2026-09-01,2026-10-04,2200
trades,INV-MC-09-09,MC-09,,2026-09-01,2026-10-09,2800
trades,INV-MC-10-09,MC-10,,2026-09-01,2026-10-01,3400
trades,INV-MC-11-09,MC-11,,2026-09-01,2026-10-04,4100
trades,INV-MC-12-09,MC-12,,2026-09-01,2026-10-09,2600
trades,INV-MC-13-09,MC-13,,2026-09-01,2026-09-26,1700
trades,INV-MC-14-09,MC-14,,2026-09-01,2026-10-01,3000
trades,INV-J-2604-09,J-2604,,2026-09-04,2026-10-19,46800
trades,INV-J-2607-09,J-2607,,2026-09-09,2026-10-09,18600
trades,INV-J-2611-09,J-2611,,2026-09-15,2026-09-29,27400
trades,INV-J-2615-09,J-2615,,2026-09-18,2026-10-09,12900
trades,INV-J-2618-09,J-2618,,2026-09-23,2026-10-23,9800
trades,INV-J-2620-09,J-2620,,2026-09-29,2026-10-29,15200
trades,INV-C-0901-09,C-0901,,2026-09-08,2026-09-08,589
trades,INV-C-0902-09,C-0902,,2026-09-15,2026-09-15,604
trades,INV-C-0903-09,C-0903,,2026-09-11,2026-09-11,565
trades,INV-C-0904-09,C-0904,,2026-09-12,2026-09-12,472
trades,INV-C-0905-09,C-0905,,2026-09-26,2026-09-26,472
trades,INV-C-0906-09,C-0906,,2026-09-10,2026-09-17,454
trades,INV-C-0907-09,C-0907,,2026-09-15,2026-09-29,734
trades,INV-C-0908-09,C-0908,,2026-09-02,2026-09-04,444
trades,INV-C-0909-09,C-0909,,2026-09-22,2026-10-22,762
trades,INV-C-0910-09,C-0910,,2026-09-17,2026-09-19,539
trades,INV-C-0911-09,C-0911,,2026-09-24,2026-10-01,526
trades,INV-C-0912-09,C-0912,,2026-09-17,2026-09-24,413
trades,INV-C-0913-09,C-0913,,2026-09-04,2026-09-04,775
trades,INV-C-0914-09,C-0914,,2026-09-04,2026-09-04,348
trades,INV-C-0915-09,C-0915,,2026-09-15,2026-10-15,775
trades,INV-C-0916-09,C-0916,,2026-09-01,2026-09-08,368
trades,INV-C-0917-09,C-0917,,2026-09-08,2026-09-15,526
trades,INV-C-0918-09,C-0918,,2026-09-06,2026-09-06,467
trades,INV-C-0919-09,C-0919,,2026-09-23,2026-09-23,589
trades,INV-C-0920-09,C-0920,,2026-09-24,2026-10-01,342
trades,INV-C-0921-09,C-0921,,2026-09-25,2026-10-02,461
trades,INV-C-0922-09,C-0922,,2026-09-17,2026-10-17,441
trades,INV-C-0923-09,C-0923,,2026-09-22,2026-09-22,749
trades,INV-C-0924-09,C-0924,,2026-09-28,2026-09-28,801
trades,INV-C-0925-09,C-0925,,2026-09-26,2026-09-26,322
trades,INV-C-0926-09,C-0926,,2026-09-26,2026-10-10,374
trades,INV-C-0927-09,C-0927,,2026-09-04,2026-09-11,550
trades,INV-C-0928-09,C-0928,,2026-09-25,2026-10-09,563
trades,INV-C-0929-09,C-0929,,2026-09-28,2026-10-05,606
trades,INV-C-0930-09,C-0930,,2026-09-13,2026-09-13,643
trades,INV-C-0931-09,C-0931,,2026-09-13,2026-10-13,342
trades,INV-C-0932-09,C-0932,,2026-09-21,2026-10-21,597
trades,INV-C-0933-09,C-0933,,2026-09-08,2026-09-08,452
trades,INV-C-0934-09,C-0934,,2026-09-02,2026-09-09,441
trades,INV-C-0935-09,C-0935,,2026-09-05,2026-09-12,316
trades,INV-C-0936-09,C-0936,,2026-09-13,2026-09-13,335
trades,INV-C-0937-09,C-0937,,2026-09-18,2026-09-20,322
trades,INV-C-0938-09,C-0938,,2026-09-23,2026-10-07,381
trades,INV-C-0939-09,C-0939,,2026-09-23,2026-09-23,262
trades,INV-C-0940-09,C-0940,,2026-09-01,2026-10-01,623
trades,INV-C-0941-09,C-0941,,2026-09-18,2026-09-25,288
trades,INV-C-0942-09,C-0942,,2026-09-13,2026-09-27,552
trades,INV-C-0943-09,C-0943,,2026-09-16,2026-10-16,270
trades,INV-C-0944-09,C-0944,,2026-09-21,2026-09-28,684
trades,INV-C-0945-09,C-0945,,2026-09-17,2026-09-17,645
trades,INV-C-0946-09,C-0946,,2026-09-08,2026-09-08,565
trades,INV-C-0947-09,C-0947,,2026-09-01,2026-09-08,441
trades,INV-C-0948-09,C-0948,,2026-09-16,2026-09-18,327
trades,INV-C-0949-09,C-0949,,2026-09-27,2026-10-11,550
trades,INV-C-0950-09,C-0950,,2026-09-28,2026-10-28,517
trades,INV-C-0951-09,C-0951,,2026-09-22,2026-09-22,643
trades,INV-C-0952-09,C-0952,,2026-09-22,2026-09-29,420
trades,INV-C-0953-09,C-0953,,2026-09-02,2026-09-02,309
trades,INV-C-0954-09,C-0954,,2026-09-06,2026-09-06,446
trades,INV-C-0955-09,C-0955,,2026-09-14,2026-09-14,171
trades,INV-C-0956-09,C-0956,,2026-09-10,2026-09-10,736
trades,INV-C-0957-09,C-0957,,2026-09-27,2026-09-27,550
trades,INV-C-0958-09,C-0958,,2026-09-17,2026-09-24,322
trades,INV-C-0959-09,C-0959,,2026-09-27,2026-09-29,348
trades,INV-C-0960-09,C-0960,,2026-09-19,2026-09-19,381
trades,INV-C-0961-09,C-0961,,2026-09-19,2026-10-03,301
trades,INV-C-0962-09,C-0962,,2026-09-16,2026-09-16,335
trades,INV-C-0963-09,C-0963,,2026-09-15,2026-10-15,532
trades,INV-C-0964-09,C-0964,,2026-09-05,2026-09-12,459
services,INV-08E-316,,E-316,2026-08-28,2026-10-12,15840
services,INV-08R-102,,R-102,2026-08-09,2026-08-20,9500
services,INV-08R-105,,R-105,2026-08-14,2026-09-02,6800
services,INV-08R-108,,R-108,2026-08-05,2026-09-04,12000
services,INV-08R-110,,R-110,2026-08-18,2026-08-29,4200
services,INV-08T-205,,T-205,2026-08-18,2026-09-22,6400
services,INV-09E-311,,E-311,2026-09-28,2026-10-28,30000
services,INV-09E-318,,E-318,2026-09-28,2026-10-28,10560
services,INV-09E-320,,E-320,2026-09-28,2026-11-12,24000
services,INV-09R-102,,R-102,2026-09-04,2026-09-18,9500
services,INV-09R-105,,R-105,2026-09-20,2026-10-04,6800
services,INV-09R-108,,R-108,2026-09-10,2026-10-07,12000
services,INV-09R-110,,R-110,2026-09-19,2026-10-03,4200
services,INV-09T-207,,T-207,2026-09-20,2026-10-20,8800
services,INV-09T-209,,T-209,2026-09-12,2026-10-12,4600
services,INV-05H0,,,2026-05-07,2026-06-21,29500
services,INV-05H1,,,2026-05-13,2026-06-27,29500
services,INV-05H2,,,2026-05-19,2026-06-02,29500
services,INV-05H3,,,2026-05-25,2026-06-24,29500
services,INV-06H0,,,2026-06-07,2026-06-21,31500
services,INV-06H1,,,2026-06-13,2026-06-27,31500
services,INV-06H2,,,2026-06-19,2026-08-10,31500
services,INV-06H3,,,2026-06-25,2026-08-16,31500
services,INV-07H0,,,2026-07-07,2026-08-28,30250
services,INV-07H1,,,2026-07-13,2026-07-27,30250
services,INV-07H2,,,2026-07-19,2026-09-02,30250
services,INV-07H3,,,2026-07-25,2026-08-24,30250
