date_key,org_id,cash_at_bank,unpaid_invoices
20260801,trades,88000,148221
20260802,trades,112411,123810
20260803,trades,124362,114333
20260804,trades,139672,99568
20260805,trades,140540,99921
20260806,trades,134936,68678
20260807,trades,135317,106797
20260808,trades,147735,95346
20260809,trades,157535,86085
20260810,trades,159179,84781
20260811,trades,160618,85928
20260812,trades,160999,87320
20260813,trades,161655,87274
20260814,trades,162638,108574
20260815,trades,163871,108260
20260816,trades,164213,108312
20260817,trades,117019,107617
20260818,trades,118547,106600
20260819,trades,119573,123346
20260820,trades,82483,122736
20260821,trades,82483,123524
20260822,trades,84321,124739
20260823,trades,85990,124122
20260824,trades,87510,144235
20260825,trades,88034,145246
20260826,trades,105372,129059
20260827,trades,106041,129767
20260828,trades,102428,142509
20260829,trades,104108,140829
20260830,trades,104818,140119
20260831,trades,65263,129819
20260901,trades,66142,170872
20260902,trades,67515,170693
20260903,trades,40350,160058
20260904,trades,42612,206269
20260905,trades,42612,207044
20260906,trades,82025,168544
20260907,trades,103175,147394
20260908,trades,109490,143211
20260909,trades,126731,144570
20260910,trades,115467,145024
20260911,trades,116582,144474
20260912,trades,117829,143699
20260913,trades,140107,123293
20260914,trades,140278,123293
20260915,trades,94943,152208
20260916,trades,95278,152805
20260917,trades,58577,154066
20260918,trades,58904,167249
20260919,trades,59824,167011
20260920,trades,60146,166689
20260921,trades,60986,167130
20260922,trades,62378,168312
20260923,trades,63229,178493
20260924,trades,64620,177970
20260925,trades,64908,178706
20260926,trades,67402,177380
20260927,trades,81904,164326
20260928,trades,78389,164765
20260929,trades,107291,151063
20260930,trades,59746,151063
20260801,services,158000,153750
20260802,services,158000,153750
20260803,services,158000,153750
20260804,services,158000,153750
20260805,services,158000,165750
20260806,services,123100,165750
20260807,services,123100,165750
20260808,services,123100,165750
20260809,services,123100,175250
20260810,services,154600,143750
20260811,services,154600,143750
20260812,services,154600,143750
20260813,services,154600,143750
20260814,services,154600,150550
20260815,services,154600,150550
20260816,services,186100,119050
20260817,services,170450,119050
20260818,services,170450,129650
20260819,services,170450,129650
20260820,services,145050,120150
20260821,services,145050,120150
20260822,services,145050,120150
20260823,services,145050,120150
20260824,services,175300,89900
20260825,services,175300,89900
20260826,services,175300,89900
20260827,services,175300,89900
20260828,services,203850,75490
20260829,services,208050,71290
20260830,services,208050,71290
20260831,services,192150,71290
20260901,services,192150,71290
20260902,services,229200,34240
20260903,services,194250,34240
20260904,services,206250,31740
20260905,services,206250,31740
20260906,services,206250,31740
20260907,services,206250,31740
20260908,services,206250,31740
20260909,services,206250,31740
20260910,services,203050,43740
20260911,services,203050,43740
20260912,services,203050,48340
20260913,services,203050,48340
20260914,services,203050,48340
20260915,services,186650,48340
20260916,services,186650,48340
20260917,services,151700,48340
20260918,services,161200,38840
20260919,services,161200,43040
20260920,services,161200,58640
20260921,services,161200,58640
20260922,services,167600,52240
20260923,services,167600,52240
20260924,services,167600,52240
20260925,services,167600,52240
20260926,services,167600,52240
20260927,services,167600,52240
20260928,services,165900,116800
20260929,services,165900,116800
20260930,services,149260,116800
20260801,nfp,610594,
20260802,nfp,611188,
20260803,nfp,613087,
20260804,nfp,614986,
20260805,nfp,616885,
20260806,nfp,571896,
20260807,nfp,573795,
20260808,nfp,574389,
20260809,nfp,574983,
20260810,nfp,576882,
20260811,nfp,578781,
20260812,nfp,579375,
20260813,nfp,581274,
20260814,nfp,583173,
20260815,nfp,583767,
20260816,nfp,584361,
20260817,nfp,568010,
20260818,nfp,569908,
20260819,nfp,571806,
20260820,nfp,526817,
20260821,nfp,528715,
20260822,nfp,529308,
20260823,nfp,529901,
20260824,nfp,531799,
20260825,nfp,533697,
20260826,nfp,535595,
20260827,nfp,537493,
20260828,nfp,539391,
20260829,nfp,539984,
20260830,nfp,540577,
20260831,nfp,525675,
20260901,nfp,527865,
20260902,nfp,530055,
20260903,nfp,483769,
20260904,nfp,485958,
20260905,nfp,486888,
20260906,nfp,487818,
20260907,nfp,490007,
20260908,nfp,492196,
20260909,nfp,494385,
20260910,nfp,496574,
20260911,nfp,498763,
20260912,nfp,499693,
20260913,nfp,500623,
20260914,nfp,502812,
20260915,nfp,481738,
20260916,nfp,483927,
20260917,nfp,437641,
20260918,nfp,439830,
20260919,nfp,482360,
20260920,nfp,483290,
20260921,nfp,485479,
20260922,nfp,487668,
20260923,nfp,489857,
20260924,nfp,492046,
20260925,nfp,494235,
20260926,nfp,495165,
20260927,nfp,496095,
20260928,nfp,498284,
20260929,nfp,500473,
20260930,nfp,480780,
