org,statement_key,statement,line_order,line,level,period,amount_aud
trades,pnl,"Profit and loss, September 2026",2,Maintenance contracts (14),detail,2026-09,40500
trades,pnl,"Profit and loss, September 2026",2,Maintenance contracts (14),detail,2026-08,40500
trades,pnl,"Profit and loss, September 2026",3,Installations (jobs),detail,2026-09,130700
trades,pnl,"Profit and loss, September 2026",3,Installations (jobs),detail,2026-08,109600
trades,pnl,"Profit and loss, September 2026",4,Call-outs and repairs,detail,2026-09,31137
trades,pnl,"Profit and loss, September 2026",4,Call-outs and repairs,detail,2026-08,28907
trades,pnl,"Profit and loss, September 2026",5,Total revenue,subtotal,2026-09,202337
trades,pnl,"Profit and loss, September 2026",5,Total revenue,subtotal,2026-08,179007
trades,pnl,"Profit and loss, September 2026",7,Materials,detail,2026-09,-64860
trades,pnl,"Profit and loss, September 2026",7,Materials,detail,2026-08,-51530
trades,pnl,"Profit and loss, September 2026",8,Subcontractors,detail,2026-09,-13200
trades,pnl,"Profit and loss, September 2026",8,Subcontractors,detail,2026-08,-9300
trades,pnl,"Profit and loss, September 2026",9,Technician wages (incl. super),detail,2026-09,-54600
trades,pnl,"Profit and loss, September 2026",9,Technician wages (incl. super),detail,2026-08,-54600
trades,pnl,"Profit and loss, September 2026",10,Total cost of sales,subtotal,2026-09,-132660
trades,pnl,"Profit and loss, September 2026",10,Total cost of sales,subtotal,2026-08,-115430
trades,pnl,"Profit and loss, September 2026",11,Gross profit,total,2026-09,69677
trades,pnl,"Profit and loss, September 2026",11,Gross profit,total,2026-08,63577
trades,pnl,"Profit and loss, September 2026",13,Office and admin wages,detail,2026-09,-21900
trades,pnl,"Profit and loss, September 2026",13,Office and admin wages,detail,2026-08,-21900
trades,pnl,"Profit and loss, September 2026",14,Marketing,detail,2026-09,-7600
trades,pnl,"Profit and loss, September 2026",14,Marketing,detail,2026-08,-8400
trades,pnl,"Profit and loss, September 2026",15,Vehicles and fuel,detail,2026-09,-8300
trades,pnl,"Profit and loss, September 2026",15,Vehicles and fuel,detail,2026-08,-7900
trades,pnl,"Profit and loss, September 2026",16,Rent and occupancy,detail,2026-09,-7000
trades,pnl,"Profit and loss, September 2026",16,Rent and occupancy,detail,2026-08,-7000
trades,pnl,"Profit and loss, September 2026",17,Insurance,detail,2026-09,-3000
trades,pnl,"Profit and loss, September 2026",17,Insurance,detail,2026-08,-3000
trades,pnl,"Profit and loss, September 2026",18,IT and software,detail,2026-09,-2300
trades,pnl,"Profit and loss, September 2026",18,IT and software,detail,2026-08,-2300
trades,pnl,"Profit and loss, September 2026",19,Other overheads,detail,2026-09,-3900
trades,pnl,"Profit and loss, September 2026",19,Other overheads,detail,2026-08,-3600
trades,pnl,"Profit and loss, September 2026",20,Total operating expenses,subtotal,2026-09,-54000
trades,pnl,"Profit and loss, September 2026",20,Total operating expenses,subtotal,2026-08,-54100
trades,pnl,"Profit and loss, September 2026",21,EBITDA,total,2026-09,15677
trades,pnl,"Profit and loss, September 2026",21,EBITDA,total,2026-08,9477
trades,pnl,"Profit and loss, September 2026",22,Depreciation,subtotal,2026-09,-4500
trades,pnl,"Profit and loss, September 2026",22,Depreciation,subtotal,2026-08,-4300
trades,pnl,"Profit and loss, September 2026",23,Interest,subtotal,2026-09,-1080
trades,pnl,"Profit and loss, September 2026",23,Interest,subtotal,2026-08,-1100
trades,pnl,"Profit and loss, September 2026",24,Profit before tax,total,2026-09,10097
trades,pnl,"Profit and loss, September 2026",24,Profit before tax,total,2026-08,4077
trades,pnl,"Profit and loss, September 2026",25,Income tax provision (25%),subtotal,2026-09,-2524
trades,pnl,"Profit and loss, September 2026",25,Income tax provision (25%),subtotal,2026-08,-1019
trades,pnl,"Profit and loss, September 2026",26,Net profit after tax,key,2026-09,7573
trades,pnl,"Profit and loss, September 2026",26,Net profit after tax,key,2026-08,3058
trades,bs,Balance sheet at 30 September 2026,2,Cash at bank,detail,2026-09,59746
trades,bs,Balance sheet at 30 September 2026,2,Cash at bank,detail,2026-08,65263
trades,bs,Balance sheet at 30 September 2026,3,Trade debtors (unpaid invoices),detail,2026-09,151063
trades,bs,Balance sheet at 30 September 2026,3,Trade debtors (unpaid invoices),detail,2026-08,129819
trades,bs,Balance sheet at 30 September 2026,4,Materials on hand,detail,2026-09,66000
trades,bs,Balance sheet at 30 September 2026,4,Materials on hand,detail,2026-08,66000
trades,bs,Balance sheet at 30 September 2026,5,Prepayments,detail,2026-09,21000
trades,bs,Balance sheet at 30 September 2026,5,Prepayments,detail,2026-08,21000
trades,bs,Balance sheet at 30 September 2026,6,Total current assets,subtotal,2026-09,297809
trades,bs,Balance sheet at 30 September 2026,6,Total current assets,subtotal,2026-08,282082
trades,bs,Balance sheet at 30 September 2026,7,Vehicles and equipment,subtotal,2026-09,255200
trades,bs,Balance sheet at 30 September 2026,7,Vehicles and equipment,subtotal,2026-08,247700
trades,bs,Balance sheet at 30 September 2026,8,Total assets,total,2026-09,553009
trades,bs,Balance sheet at 30 September 2026,8,Total assets,total,2026-08,529782
trades,bs,Balance sheet at 30 September 2026,10,Trade creditors (bills due next month),detail,2026-09,78060
trades,bs,Balance sheet at 30 September 2026,10,Trade creditors (bills due next month),detail,2026-08,60830
trades,bs,Balance sheet at 30 September 2026,11,Employee leave provisions,detail,2026-09,106000
trades,bs,Balance sheet at 30 September 2026,11,Employee leave provisions,detail,2026-08,105100
trades,bs,Balance sheet at 30 September 2026,12,Income tax payable,detail,2026-09,35043
trades,bs,Balance sheet at 30 September 2026,12,Income tax payable,detail,2026-08,32519
trades,bs,Balance sheet at 30 September 2026,13,Total current liabilities,subtotal,2026-09,219103
trades,bs,Balance sheet at 30 September 2026,13,Total current liabilities,subtotal,2026-08,198449
trades,bs,Balance sheet at 30 September 2026,14,Equipment finance,subtotal,2026-09,95000
trades,bs,Balance sheet at 30 September 2026,14,Equipment finance,subtotal,2026-08,100000
trades,bs,Balance sheet at 30 September 2026,15,Total liabilities,total,2026-09,314103
trades,bs,Balance sheet at 30 September 2026,15,Total liabilities,total,2026-08,298449
trades,bs,Balance sheet at 30 September 2026,16,Net assets,key,2026-09,238906
trades,bs,Balance sheet at 30 September 2026,16,Net assets,key,2026-08,231333
trades,bs,Balance sheet at 30 September 2026,18,Share capital,detail,2026-09,10000
trades,bs,Balance sheet at 30 September 2026,18,Share capital,detail,2026-08,10000
trades,bs,Balance sheet at 30 September 2026,19,Retained earnings,detail,2026-09,228906
trades,bs,Balance sheet at 30 September 2026,19,Retained earnings,detail,2026-08,221333
trades,bs,Balance sheet at 30 September 2026,20,Total equity,key,2026-09,238906
trades,bs,Balance sheet at 30 September 2026,20,Total equity,key,2026-08,231333
trades,cf,"Cash flow, September 2026",2,Receipts from customers (invoices paid),detail,2026-09,181093
trades,cf,"Cash flow, September 2026",2,Receipts from customers (invoices paid),detail,2026-08,156273
trades,cf,"Cash flow, September 2026",3,Payments to suppliers,detail,2026-09,-92930
trades,cf,"Cash flow, September 2026",3,Payments to suppliers,detail,2026-08,-97510
trades,cf,"Cash flow, September 2026",4,Payments to employees,detail,2026-09,-75600
trades,cf,"Cash flow, September 2026",4,Payments to employees,detail,2026-08,-75400
trades,cf,"Cash flow, September 2026",5,Interest paid,detail,2026-09,-1080
trades,cf,"Cash flow, September 2026",5,Interest paid,detail,2026-08,-1100
trades,cf,"Cash flow, September 2026",6,Income tax paid,detail,2026-09,0
trades,cf,"Cash flow, September 2026",6,Income tax paid,detail,2026-08,0
trades,cf,"Cash flow, September 2026",7,Net cash from operating activities,subtotal,2026-09,11483
trades,cf,"Cash flow, September 2026",7,Net cash from operating activities,subtotal,2026-08,-17737
trades,cf,"Cash flow, September 2026",9,Purchase of vehicles and equipment,detail,2026-09,-12000
trades,cf,"Cash flow, September 2026",9,Purchase of vehicles and equipment,detail,2026-08,0
trades,cf,"Cash flow, September 2026",10,Net cash from investing activities,subtotal,2026-09,-12000
trades,cf,"Cash flow, September 2026",10,Net cash from investing activities,subtotal,2026-08,0
trades,cf,"Cash flow, September 2026",12,Equipment finance repaid,detail,2026-09,-5000
trades,cf,"Cash flow, September 2026",12,Equipment finance repaid,detail,2026-08,-5000
trades,cf,"Cash flow, September 2026",13,Net cash from financing activities,subtotal,2026-09,-5000
trades,cf,"Cash flow, September 2026",13,Net cash from financing activities,subtotal,2026-08,-5000
trades,cf,"Cash flow, September 2026",14,Net change in cash,total,2026-09,-5517
trades,cf,"Cash flow, September 2026",14,Net change in cash,total,2026-08,-22737
trades,cf,"Cash flow, September 2026",15,Cash at start of month,subtotal,2026-09,65263
trades,cf,"Cash flow, September 2026",15,Cash at start of month,subtotal,2026-08,88000
trades,cf,"Cash flow, September 2026",16,Cash at end of month,key,2026-09,59746
trades,cf,"Cash flow, September 2026",16,Cash at end of month,key,2026-08,65263
services,pnl,"Profit and loss, September 2026",2,Projects (hours worked),detail,2026-09,85950
services,pnl,"Profit and loss, September 2026",2,Projects (hours worked),detail,2026-08,75740
services,pnl,"Profit and loss, September 2026",3,Retainers,detail,2026-09,32500
services,pnl,"Profit and loss, September 2026",3,Retainers,detail,2026-08,32500
services,pnl,"Profit and loss, September 2026",4,Training,detail,2026-09,13400
services,pnl,"Profit and loss, September 2026",4,Training,detail,2026-08,6400
services,pnl,"Profit and loss, September 2026",5,Total revenue,subtotal,2026-09,131850
services,pnl,"Profit and loss, September 2026",5,Total revenue,subtotal,2026-08,114640
services,pnl,"Profit and loss, September 2026",7,Consultant salaries (incl. super),detail,2026-09,-46500
services,pnl,"Profit and loss, September 2026",7,Consultant salaries (incl. super),detail,2026-08,-46500
services,pnl,"Profit and loss, September 2026",8,Contractors,detail,2026-09,-8500
services,pnl,"Profit and loss, September 2026",8,Contractors,detail,2026-08,-6900
services,pnl,"Profit and loss, September 2026",9,Total cost of sales,subtotal,2026-09,-55000
services,pnl,"Profit and loss, September 2026",9,Total cost of sales,subtotal,2026-08,-53400
services,pnl,"Profit and loss, September 2026",10,Gross profit,total,2026-09,76850
services,pnl,"Profit and loss, September 2026",10,Gross profit,total,2026-08,61240
services,pnl,"Profit and loss, September 2026",12,Management and admin wages,detail,2026-09,-24000
services,pnl,"Profit and loss, September 2026",12,Management and admin wages,detail,2026-08,-24000
services,pnl,"Profit and loss, September 2026",13,Marketing and business development,detail,2026-09,-5800
services,pnl,"Profit and loss, September 2026",13,Marketing and business development,detail,2026-08,-6500
services,pnl,"Profit and loss, September 2026",14,Rent and occupancy,detail,2026-09,-8000
services,pnl,"Profit and loss, September 2026",14,Rent and occupancy,detail,2026-08,-8000
services,pnl,"Profit and loss, September 2026",15,IT and software,detail,2026-09,-4500
services,pnl,"Profit and loss, September 2026",15,IT and software,detail,2026-08,-4500
services,pnl,"Profit and loss, September 2026",16,Professional indemnity insurance,detail,2026-09,-2500
services,pnl,"Profit and loss, September 2026",16,Professional indemnity insurance,detail,2026-08,-2500
services,pnl,"Profit and loss, September 2026",17,Travel,detail,2026-09,-1800
services,pnl,"Profit and loss, September 2026",17,Travel,detail,2026-08,-2600
services,pnl,"Profit and loss, September 2026",18,Other overheads,detail,2026-09,-3300
services,pnl,"Profit and loss, September 2026",18,Other overheads,detail,2026-08,-3300
services,pnl,"Profit and loss, September 2026",19,Total operating expenses,subtotal,2026-09,-49900
services,pnl,"Profit and loss, September 2026",19,Total operating expenses,subtotal,2026-08,-51400
services,pnl,"Profit and loss, September 2026",20,EBITDA,total,2026-09,26950
services,pnl,"Profit and loss, September 2026",20,EBITDA,total,2026-08,9840
services,pnl,"Profit and loss, September 2026",21,Depreciation,subtotal,2026-09,-2000
services,pnl,"Profit and loss, September 2026",21,Depreciation,subtotal,2026-08,-2000
services,pnl,"Profit and loss, September 2026",22,Interest,subtotal,2026-09,-240
services,pnl,"Profit and loss, September 2026",22,Interest,subtotal,2026-08,-250
services,pnl,"Profit and loss, September 2026",23,Profit before tax,total,2026-09,24710
services,pnl,"Profit and loss, September 2026",23,Profit before tax,total,2026-08,7590
services,pnl,"Profit and loss, September 2026",24,Income tax provision (25%),subtotal,2026-09,-6178
services,pnl,"Profit and loss, September 2026",24,Income tax provision (25%),subtotal,2026-08,-1898
services,pnl,"Profit and loss, September 2026",25,Net profit after tax,key,2026-09,18532
services,pnl,"Profit and loss, September 2026",25,Net profit after tax,key,2026-08,5692
services,bs,Balance sheet at 30 September 2026,2,Cash at bank,detail,2026-09,149260
services,bs,Balance sheet at 30 September 2026,2,Cash at bank,detail,2026-08,192150
services,bs,Balance sheet at 30 September 2026,3,Trade debtors (unpaid invoices),detail,2026-09,116800
services,bs,Balance sheet at 30 September 2026,3,Trade debtors (unpaid invoices),detail,2026-08,71290
services,bs,Balance sheet at 30 September 2026,4,Work in progress (unbilled project time),detail,2026-09,99290
services,bs,Balance sheet at 30 September 2026,4,Work in progress (unbilled project time),detail,2026-08,77900
services,bs,Balance sheet at 30 September 2026,5,Prepayments,detail,2026-09,15000
services,bs,Balance sheet at 30 September 2026,5,Prepayments,detail,2026-08,15000
services,bs,Balance sheet at 30 September 2026,6,Total current assets,subtotal,2026-09,380350
services,bs,Balance sheet at 30 September 2026,6,Total current assets,subtotal,2026-08,356340
services,bs,Balance sheet at 30 September 2026,7,Office equipment,subtotal,2026-09,60200
services,bs,Balance sheet at 30 September 2026,7,Office equipment,subtotal,2026-08,59000
services,bs,Balance sheet at 30 September 2026,8,Total assets,total,2026-09,440550
services,bs,Balance sheet at 30 September 2026,8,Total assets,total,2026-08,415340
services,bs,Balance sheet at 30 September 2026,10,Trade creditors (bills due next month),detail,2026-09,8500
services,bs,Balance sheet at 30 September 2026,10,Trade creditors (bills due next month),detail,2026-08,6900
services,bs,Balance sheet at 30 September 2026,11,Employee leave provisions,detail,2026-09,122300
services,bs,Balance sheet at 30 September 2026,11,Employee leave provisions,detail,2026-08,121700
services,bs,Balance sheet at 30 September 2026,12,Income tax payable,detail,2026-09,56576
services,bs,Balance sheet at 30 September 2026,12,Income tax payable,detail,2026-08,50398
services,bs,Balance sheet at 30 September 2026,13,Total current liabilities,subtotal,2026-09,187376
services,bs,Balance sheet at 30 September 2026,13,Total current liabilities,subtotal,2026-08,178998
services,bs,Balance sheet at 30 September 2026,14,Equipment finance,subtotal,2026-09,14600
services,bs,Balance sheet at 30 September 2026,14,Equipment finance,subtotal,2026-08,16300
services,bs,Balance sheet at 30 September 2026,15,Total liabilities,total,2026-09,201976
services,bs,Balance sheet at 30 September 2026,15,Total liabilities,total,2026-08,195298
services,bs,Balance sheet at 30 September 2026,16,Net assets,key,2026-09,238574
services,bs,Balance sheet at 30 September 2026,16,Net assets,key,2026-08,220042
services,bs,Balance sheet at 30 September 2026,18,Share capital,detail,2026-09,20000
services,bs,Balance sheet at 30 September 2026,18,Share capital,detail,2026-08,20000
services,bs,Balance sheet at 30 September 2026,19,Retained earnings,detail,2026-09,218574
services,bs,Balance sheet at 30 September 2026,19,Retained earnings,detail,2026-08,200042
services,bs,Balance sheet at 30 September 2026,20,Total equity,key,2026-09,238574
services,bs,Balance sheet at 30 September 2026,20,Total equity,key,2026-08,220042
services,cf,"Cash flow, September 2026",2,Receipts from customers (invoices paid),detail,2026-09,64950
services,cf,"Cash flow, September 2026",2,Receipts from customers (invoices paid),detail,2026-08,137200
services,cf,"Cash flow, September 2026",3,Payments to contractors and suppliers,detail,2026-09,-32800
services,cf,"Cash flow, September 2026",3,Payments to contractors and suppliers,detail,2026-08,-31300
services,cf,"Cash flow, September 2026",4,Payments to employees,detail,2026-09,-69900
services,cf,"Cash flow, September 2026",4,Payments to employees,detail,2026-08,-69800
services,cf,"Cash flow, September 2026",5,Interest paid,detail,2026-09,-240
services,cf,"Cash flow, September 2026",5,Interest paid,detail,2026-08,-250
services,cf,"Cash flow, September 2026",6,Income tax paid,detail,2026-09,0
services,cf,"Cash flow, September 2026",6,Income tax paid,detail,2026-08,0
services,cf,"Cash flow, September 2026",7,Net cash from operating activities,subtotal,2026-09,-37990
services,cf,"Cash flow, September 2026",7,Net cash from operating activities,subtotal,2026-08,35850
services,cf,"Cash flow, September 2026",9,Purchase of equipment,detail,2026-09,-3200
services,cf,"Cash flow, September 2026",9,Purchase of equipment,detail,2026-08,0
services,cf,"Cash flow, September 2026",10,Net cash from investing activities,subtotal,2026-09,-3200
services,cf,"Cash flow, September 2026",10,Net cash from investing activities,subtotal,2026-08,0
services,cf,"Cash flow, September 2026",12,Equipment finance repaid,detail,2026-09,-1700
services,cf,"Cash flow, September 2026",12,Equipment finance repaid,detail,2026-08,-1700
services,cf,"Cash flow, September 2026",13,Net cash from financing activities,subtotal,2026-09,-1700
services,cf,"Cash flow, September 2026",13,Net cash from financing activities,subtotal,2026-08,-1700
services,cf,"Cash flow, September 2026",14,Net change in cash,total,2026-09,-42890
services,cf,"Cash flow, September 2026",14,Net change in cash,total,2026-08,34150
services,cf,"Cash flow, September 2026",15,Cash at start of month,subtotal,2026-09,192150
services,cf,"Cash flow, September 2026",15,Cash at start of month,subtotal,2026-08,158000
services,cf,"Cash flow, September 2026",16,Cash at end of month,key,2026-09,149260
services,cf,"Cash flow, September 2026",16,Cash at end of month,key,2026-08,192150
nfp,pnl,"Income and expenditure, September 2026",2,G-101 Youth outreach grant,detail,2026-09,22800
nfp,pnl,"Income and expenditure, September 2026",2,G-101 Youth outreach grant,detail,2026-08,21500
nfp,pnl,"Income and expenditure, September 2026",3,G-102 Housing support grant,detail,2026-09,31200
nfp,pnl,"Income and expenditure, September 2026",3,G-102 Housing support grant,detail,2026-08,30500
nfp,pnl,"Income and expenditure, September 2026",4,G-103 Community meals grant,detail,2026-09,4300
nfp,pnl,"Income and expenditure, September 2026",4,G-103 Community meals grant,detail,2026-08,4100
nfp,pnl,"Income and expenditure, September 2026",5,G-104 Digital literacy grant,detail,2026-09,4900
nfp,pnl,"Income and expenditure, September 2026",5,G-104 Digital literacy grant,detail,2026-08,5200
nfp,pnl,"Income and expenditure, September 2026",6,G-105 Mental health first aid grant,detail,2026-09,10800
nfp,pnl,"Income and expenditure, September 2026",6,G-105 Mental health first aid grant,detail,2026-08,9400
nfp,pnl,"Income and expenditure, September 2026",7,G-106 Volunteer coordinator grant,detail,2026-09,3000
nfp,pnl,"Income and expenditure, September 2026",7,G-106 Volunteer coordinator grant,detail,2026-08,3000
nfp,pnl,"Income and expenditure, September 2026",8,Donations,detail,2026-09,27900
nfp,pnl,"Income and expenditure, September 2026",8,Donations,detail,2026-08,18400
nfp,pnl,"Income and expenditure, September 2026",9,Fundraising events,detail,2026-09,41600
nfp,pnl,"Income and expenditure, September 2026",9,Fundraising events,detail,2026-08,0
nfp,pnl,"Income and expenditure, September 2026",10,Program fees,detail,2026-09,28300
nfp,pnl,"Income and expenditure, September 2026",10,Program fees,detail,2026-08,26800
nfp,pnl,"Income and expenditure, September 2026",11,Interest,detail,2026-09,1380
nfp,pnl,"Income and expenditure, September 2026",11,Interest,detail,2026-08,1450
nfp,pnl,"Income and expenditure, September 2026",12,Total income,subtotal,2026-09,176180
nfp,pnl,"Income and expenditure, September 2026",12,Total income,subtotal,2026-08,120350
nfp,pnl,"Income and expenditure, September 2026",14,Grant-funded program wages,detail,2026-09,-57750
nfp,pnl,"Income and expenditure, September 2026",14,Grant-funded program wages,detail,2026-08,-55275
nfp,pnl,"Income and expenditure, September 2026",15,Grant-funded program costs,detail,2026-09,-19250
nfp,pnl,"Income and expenditure, September 2026",15,Grant-funded program costs,detail,2026-08,-18425
nfp,pnl,"Income and expenditure, September 2026",16,Program delivery wages (untied),detail,2026-09,-14500
nfp,pnl,"Income and expenditure, September 2026",16,Program delivery wages (untied),detail,2026-08,-14000
nfp,pnl,"Income and expenditure, September 2026",17,Program costs (untied),detail,2026-09,-6100
nfp,pnl,"Income and expenditure, September 2026",17,Program costs (untied),detail,2026-08,-5500
nfp,pnl,"Income and expenditure, September 2026",18,Total program spend,subtotal,2026-09,-97600
nfp,pnl,"Income and expenditure, September 2026",18,Total program spend,subtotal,2026-08,-93200
nfp,pnl,"Income and expenditure, September 2026",20,Grant writing and reporting,detail,2026-09,-7100
nfp,pnl,"Income and expenditure, September 2026",20,Grant writing and reporting,detail,2026-08,-7100
nfp,pnl,"Income and expenditure, September 2026",21,Donor campaigns,detail,2026-09,-5400
nfp,pnl,"Income and expenditure, September 2026",21,Donor campaigns,detail,2026-08,-2200
nfp,pnl,"Income and expenditure, September 2026",22,Event costs,detail,2026-09,-16900
nfp,pnl,"Income and expenditure, September 2026",22,Event costs,detail,2026-08,-2400
nfp,pnl,"Income and expenditure, September 2026",23,Total fundraising costs,subtotal,2026-09,-29400
nfp,pnl,"Income and expenditure, September 2026",23,Total fundraising costs,subtotal,2026-08,-11700
nfp,pnl,"Income and expenditure, September 2026",25,Administration wages,detail,2026-09,-18300
nfp,pnl,"Income and expenditure, September 2026",25,Administration wages,detail,2026-08,-18300
nfp,pnl,"Income and expenditure, September 2026",26,Occupancy,detail,2026-09,-10000
nfp,pnl,"Income and expenditure, September 2026",26,Occupancy,detail,2026-08,-10000
nfp,pnl,"Income and expenditure, September 2026",27,Other administration,detail,2026-09,-7600
nfp,pnl,"Income and expenditure, September 2026",27,Other administration,detail,2026-08,-8000
nfp,pnl,"Income and expenditure, September 2026",28,Total administration,subtotal,2026-09,-35900
nfp,pnl,"Income and expenditure, September 2026",28,Total administration,subtotal,2026-08,-36300
nfp,pnl,"Income and expenditure, September 2026",29,Depreciation,subtotal,2026-09,-2900
nfp,pnl,"Income and expenditure, September 2026",29,Depreciation,subtotal,2026-08,-2900
nfp,pnl,"Income and expenditure, September 2026",30,Total expenses,total,2026-09,-165800
nfp,pnl,"Income and expenditure, September 2026",30,Total expenses,total,2026-08,-144100
nfp,pnl,"Income and expenditure, September 2026",31,Surplus for the month,key,2026-09,10380
nfp,pnl,"Income and expenditure, September 2026",31,Surplus for the month,key,2026-08,-23750
nfp,bs,Balance sheet at 30 September 2026,2,Cash at bank,detail,2026-09,480780
nfp,bs,Balance sheet at 30 September 2026,2,Cash at bank,detail,2026-08,525675
nfp,bs,Balance sheet at 30 September 2026,3,Program fees receivable,detail,2026-09,10400
nfp,bs,Balance sheet at 30 September 2026,3,Program fees receivable,detail,2026-08,9800
nfp,bs,Balance sheet at 30 September 2026,4,Grants receivable (spent ahead of instalment),detail,2026-09,20900
nfp,bs,Balance sheet at 30 September 2026,4,Grants receivable (spent ahead of instalment),detail,2026-08,9700
nfp,bs,Balance sheet at 30 September 2026,5,Prepayments,detail,2026-09,21000
nfp,bs,Balance sheet at 30 September 2026,5,Prepayments,detail,2026-08,21000
nfp,bs,Balance sheet at 30 September 2026,6,Total current assets,subtotal,2026-09,533080
nfp,bs,Balance sheet at 30 September 2026,6,Total current assets,subtotal,2026-08,566175
nfp,bs,Balance sheet at 30 September 2026,7,Vehicles and equipment,subtotal,2026-09,172200
nfp,bs,Balance sheet at 30 September 2026,7,Vehicles and equipment,subtotal,2026-08,175100
nfp,bs,Balance sheet at 30 September 2026,8,Total assets,total,2026-09,705280
nfp,bs,Balance sheet at 30 September 2026,8,Total assets,total,2026-08,741275
nfp,bs,Balance sheet at 30 September 2026,10,Payables (bills due next month),detail,2026-09,65250
nfp,bs,Balance sheet at 30 September 2026,10,Payables (bills due next month),detail,2026-08,46525
nfp,bs,Balance sheet at 30 September 2026,11,Grants received in advance (unspent),detail,2026-09,156100
nfp,bs,Balance sheet at 30 September 2026,11,Grants received in advance (unspent),detail,2026-08,221900
nfp,bs,Balance sheet at 30 September 2026,12,Employee leave provisions,detail,2026-09,166600
nfp,bs,Balance sheet at 30 September 2026,12,Employee leave provisions,detail,2026-08,165900
nfp,bs,Balance sheet at 30 September 2026,13,Total liabilities,total,2026-09,387950
nfp,bs,Balance sheet at 30 September 2026,13,Total liabilities,total,2026-08,434325
nfp,bs,Balance sheet at 30 September 2026,14,Net assets,key,2026-09,317330
nfp,bs,Balance sheet at 30 September 2026,14,Net assets,key,2026-08,306950
nfp,bs,Balance sheet at 30 September 2026,16,Accumulated funds,key,2026-09,317330
nfp,bs,Balance sheet at 30 September 2026,16,Accumulated funds,key,2026-08,306950
nfp,cf,"Cash flow, September 2026",2,Grant instalments received,detail,2026-09,0
nfp,cf,"Cash flow, September 2026",2,Grant instalments received,detail,2026-08,0
nfp,cf,"Cash flow, September 2026",3,Donations and fundraising received,detail,2026-09,69500
nfp,cf,"Cash flow, September 2026",3,Donations and fundraising received,detail,2026-08,18400
nfp,cf,"Cash flow, September 2026",4,Program fees received,detail,2026-09,27700
nfp,cf,"Cash flow, September 2026",4,Program fees received,detail,2026-08,26100
nfp,cf,"Cash flow, September 2026",5,Interest received,detail,2026-09,1380
nfp,cf,"Cash flow, September 2026",5,Interest received,detail,2026-08,1450
nfp,cf,"Cash flow, September 2026",6,Payments to suppliers,detail,2026-09,-46525
nfp,cf,"Cash flow, September 2026",6,Payments to suppliers,detail,2026-08,-36500
nfp,cf,"Cash flow, September 2026",7,Payments to employees,detail,2026-09,-96950
nfp,cf,"Cash flow, September 2026",7,Payments to employees,detail,2026-08,-93775
nfp,cf,"Cash flow, September 2026",8,Net cash from operating activities,subtotal,2026-09,-44895
nfp,cf,"Cash flow, September 2026",8,Net cash from operating activities,subtotal,2026-08,-84325
nfp,cf,"Cash flow, September 2026",10,Purchase of vehicles and equipment,detail,2026-09,0
nfp,cf,"Cash flow, September 2026",10,Purchase of vehicles and equipment,detail,2026-08,0
nfp,cf,"Cash flow, September 2026",11,Net cash from investing activities,subtotal,2026-09,0
nfp,cf,"Cash flow, September 2026",11,Net cash from investing activities,subtotal,2026-08,0
nfp,cf,"Cash flow, September 2026",12,Net change in cash,total,2026-09,-44895
nfp,cf,"Cash flow, September 2026",12,Net change in cash,total,2026-08,-84325
nfp,cf,"Cash flow, September 2026",13,Cash at start of month,subtotal,2026-09,525675
nfp,cf,"Cash flow, September 2026",13,Cash at start of month,subtotal,2026-08,610000
nfp,cf,"Cash flow, September 2026",14,Cash at end of month,key,2026-09,480780
nfp,cf,"Cash flow, September 2026",14,Cash at end of month,key,2026-08,525675
