org,line,amount_aud_k
trades,Net profit after tax,85
trades,Add back depreciation,52
trades,"Working capital (debtors, stock, creditors)",10
trades,Tax owed but not yet paid,23
trades,Vehicles and equipment bought,-40
trades,Finance repaid,-60
trades,Dividends paid,-40
trades,Change in cash,30
services,Net profit after tax,153
services,Add back depreciation,24
services,"Working capital (debtors, stock, creditors)",22
services,Tax owed but not yet paid,36
services,Vehicles and equipment bought,-30
services,Finance repaid,-20
services,Dividends paid,-80
services,Change in cash,105
nfp,Surplus for the year,214
nfp,Add back depreciation,34
nfp,Grants received in advance (unspent),40
nfp,"Working capital (receivables, payables)",7
nfp,Vehicles and equipment bought,-60
nfp,Change in cash,235
