invoice,engagement,amount,invoice_date,paid_date
INV-05H0,earlier,29500,2026-05-07,2026-06-21
INV-05H1,earlier,29500,2026-05-13,2026-06-27
INV-05H2,earlier,29500,2026-05-19,2026-06-02
INV-05H3,earlier,29500,2026-05-25,2026-06-24
INV-06H0,earlier,31500,2026-06-07,2026-06-21
INV-06H1,earlier,31500,2026-06-13,2026-06-27
INV-06H2,earlier,31500,2026-06-19,2026-08-10
INV-06H3,earlier,31500,2026-06-25,2026-08-16
INV-07H0,earlier,30250,2026-07-07,2026-08-28
INV-07H1,earlier,30250,2026-07-13,2026-07-27
INV-07H2,earlier,30250,2026-07-19,2026-09-02
INV-07H3,earlier,30250,2026-07-25,2026-08-24
INV-08R-108,R-108,12000,2026-08-05,2026-09-04
INV-08R-102,R-102,9500,2026-08-09,2026-08-20
INV-08R-105,R-105,6800,2026-08-14,2026-09-02
INV-08R-110,R-110,4200,2026-08-18,2026-08-29
INV-08T-205,T-205,6400,2026-08-18,2026-09-22
INV-08E-316,E-316,15840,2026-08-28,2026-10-12
INV-09R-102,R-102,9500,2026-09-04,2026-09-18
INV-09R-108,R-108,12000,2026-09-10,2026-10-07
INV-09T-209,T-209,4600,2026-09-12,2026-10-12
INV-09R-110,R-110,4200,2026-09-19,2026-10-03
INV-09R-105,R-105,6800,2026-09-20,2026-10-04
INV-09T-207,T-207,8800,2026-09-20,2026-10-20
INV-09E-311,E-311,30000,2026-09-28,2026-10-28
INV-09E-318,E-318,10560,2026-09-28,2026-10-28
INV-09E-320,E-320,24000,2026-09-28,2026-11-12
