month,engagement,engagement_type,description,hours,revenue,billed,contractors,consultant_time_cost,contribution
2026-08,E-311,Project,"Systems implementation, logistics client",180,31500,0,4200,10800,16500
2026-08,E-314,Project,"Pricing review, retail group",60,11400,0,0,3600,7800
2026-08,E-316,Project,"Cost-to-serve analysis, distributor",88,15840,15840,0,5280,10560
2026-08,E-320,Project,"Process mapping, manufacturer",100,17000,0,1800,6000,9200
2026-08,R-102,Retainer,"Monthly finance, construction firm",56,9500,9500,0,3360,6140
2026-08,R-105,Retainer,"Monthly reporting, dental group",42,6800,6800,0,2520,4280
2026-08,R-108,Retainer,"CFO support, agribusiness",68,12000,12000,0,4080,7920
2026-08,R-110,Retainer,"Payroll and compliance, hospitality group",34,4200,4200,0,2040,2160
2026-08,T-205,Training,Budgeting workshop (1 day),20,6400,6400,900,1200,4300
2026-09,E-311,Project,"Systems implementation, logistics client",210,36750,30000,4800,12600,19350
2026-09,E-314,Project,"Pricing review, retail group",96,18240,0,0,5760,12480
2026-09,E-318,Project,"Board reporting pack, health not-for-profit",64,10560,10560,0,3840,6720
2026-09,E-320,Project,"Process mapping, manufacturer",120,20400,24000,2200,7200,11000
2026-09,R-102,Retainer,"Monthly finance, construction firm",58,9500,9500,0,3480,6020
2026-09,R-105,Retainer,"Monthly reporting, dental group",44,6800,6800,0,2640,4160
2026-09,R-108,Retainer,"CFO support, agribusiness",70,12000,12000,0,4200,7800
2026-09,R-110,Retainer,"Payroll and compliance, hospitality group",36,4200,4200,0,2160,2040
2026-09,T-207,Training,Excel for managers (2 days),30,8800,8800,1500,1800,5500
2026-09,T-209,Training,Power BI basics (1 day),14,4600,4600,0,840,3760
