org,financial_year,month,measure,value
trades,FY2026,Jul,marketing_aud,9000
trades,FY2026,Aug,marketing_aud,9000
trades,FY2026,Sep,marketing_aud,8000
trades,FY2026,Oct,marketing_aud,8000
trades,FY2026,Nov,marketing_aud,8000
trades,FY2026,Dec,marketing_aud,7000
trades,FY2026,Jan,marketing_aud,9000
trades,FY2026,Feb,marketing_aud,8000
trades,FY2026,Mar,marketing_aud,8000
trades,FY2026,Apr,marketing_aud,8000
trades,FY2026,May,marketing_aud,7000
trades,FY2026,Jun,marketing_aud,7000
trades,FY2026,Jul,new_customers,34
trades,FY2026,Aug,new_customers,36
trades,FY2026,Sep,new_customers,38
trades,FY2026,Oct,new_customers,40
trades,FY2026,Nov,new_customers,42
trades,FY2026,Dec,new_customers,40
trades,FY2026,Jan,new_customers,44
trades,FY2026,Feb,new_customers,46
trades,FY2026,Mar,new_customers,48
trades,FY2026,Apr,new_customers,50
trades,FY2026,May,new_customers,52
trades,FY2026,Jun,new_customers,52
services,FY2026,Jul,billable_hours,864
services,FY2026,Aug,billable_hours,972
services,FY2026,Sep,billable_hours,972
services,FY2026,Oct,billable_hours,972
services,FY2026,Nov,billable_hours,972
services,FY2026,Dec,billable_hours,648
services,FY2026,Jan,billable_hours,540
services,FY2026,Feb,billable_hours,972
services,FY2026,Mar,billable_hours,972
services,FY2026,Apr,billable_hours,864
services,FY2026,May,billable_hours,972
services,FY2026,Jun,billable_hours,1080
services,FY2026,Jul,available_hours,1296
services,FY2026,Aug,available_hours,1296
services,FY2026,Sep,available_hours,1152
services,FY2026,Oct,available_hours,1296
services,FY2026,Nov,available_hours,1152
services,FY2026,Dec,available_hours,1008
services,FY2026,Jan,available_hours,1008
services,FY2026,Feb,available_hours,1152
services,FY2026,Mar,available_hours,1296
services,FY2026,Apr,available_hours,1152
services,FY2026,May,available_hours,1296
services,FY2026,Jun,available_hours,1296
